,distanciaKNN,Thresh,Anomaly
2004-02-12 11:02:39,0.48786485290685633,0.5,False
2004-02-12 11:12:39,0.27225532488551835,0.5,False
2004-02-12 11:22:39,0.4917184255942016,0.5,False
2004-02-12 11:32:39,0.296805415905872,0.5,False
2004-02-12 11:42:39,0.2582993287006491,0.5,False
2004-02-12 11:52:39,0.30619408013887217,0.5,False
2004-02-12 12:02:39,0.3852850343899427,0.5,False
2004-02-12 12:12:39,0.19893933955033807,0.5,False
2004-02-12 12:22:39,0.17621596868550402,0.5,False
2004-02-12 12:32:39,0.19375109825289344,0.5,False
2004-02-12 12:42:39,0.18001428702366834,0.5,False
2004-02-12 12:52:39,0.13973181559501507,0.5,False
2004-02-12 13:02:39,0.1872767552069856,0.5,False
2004-02-12 13:12:39,0.20289278180457634,0.5,False
2004-02-12 13:22:39,0.24391772741896134,0.5,False
2004-02-12 13:32:39,0.1500678082562077,0.5,False
2004-02-12 13:42:39,0.17241452826086034,0.5,False
2004-02-12 13:52:39,0.15611226336601514,0.5,False
2004-02-12 14:02:39,0.26294440800473456,0.5,False
2004-02-12 14:12:39,0.295898924136747,0.5,False
2004-02-12 14:22:39,0.23298867176470048,0.5,False
2004-02-12 14:32:39,0.24960536263764874,0.5,False
2004-02-12 14:42:39,0.17030001189078087,0.5,False
2004-02-12 14:52:39,0.1927820562331174,0.5,False
2004-02-12 15:02:39,0.15782744839167584,0.5,False
2004-02-12 15:12:39,0.2119627685416951,0.5,False
2004-02-12 15:22:39,0.1444917044278785,0.5,False
2004-02-12 15:32:39,0.21190985242815566,0.5,False
2004-02-12 15:42:39,0.3106863446629661,0.5,False
2004-02-12 15:52:39,0.1014428144826992,0.5,False
2004-02-12 16:02:39,0.18410809250822713,0.5,False
2004-02-12 16:12:39,0.2827593522021589,0.5,False
2004-02-12 16:22:39,0.1363614243128308,0.5,False
2004-02-12 16:32:39,0.2024891327585266,0.5,False
2004-02-12 16:42:39,0.2171711601419078,0.5,False
2004-02-12 16:52:39,0.17181316756661738,0.5,False
2004-02-12 17:02:39,0.18355483818442975,0.5,False
2004-02-12 17:12:39,0.1637794248089965,0.5,False
2004-02-12 17:22:39,0.15252557321749213,0.5,False
2004-02-12 17:32:39,0.15898856474187711,0.5,False
2004-02-12 17:42:39,0.17785538073210888,0.5,False
2004-02-12 17:52:39,0.21099054918747684,0.5,False
2004-02-12 18:02:39,0.1703504883896964,0.5,False
2004-02-12 18:12:39,0.17843301181679752,0.5,False
2004-02-12 18:22:39,0.23449422384750046,0.5,False
2004-02-12 18:32:39,0.1502250052164969,0.5,False
2004-02-12 18:42:39,0.16397594725151898,0.5,False
2004-02-12 18:52:39,0.13943899227626275,0.5,False
2004-02-12 19:02:39,0.14054270743203542,0.5,False
2004-02-12 19:12:39,0.16886521744574357,0.5,False
2004-02-12 19:22:39,0.2569382158709484,0.5,False
2004-02-12 19:32:39,0.18497289705716619,0.5,False
2004-02-12 19:42:39,0.16703210263857768,0.5,False
2004-02-12 19:52:39,0.09343193436774558,0.5,False
2004-02-12 20:02:39,0.19868064185009926,0.5,False
2004-02-12 20:12:39,0.21603603425135226,0.5,False
2004-02-12 20:22:39,0.3126640737754408,0.5,False
2004-02-12 20:32:39,0.1571236879388671,0.5,False
2004-02-12 20:42:39,0.1630589708314494,0.5,False
2004-02-12 20:52:39,0.240540903045562,0.5,False
2004-02-12 21:02:39,0.13974138758288482,0.5,False
2004-02-12 21:12:39,0.15532098476133532,0.5,False
2004-02-12 21:22:39,0.1107120238525642,0.5,False
2004-02-12 21:32:39,0.14136252109065298,0.5,False
2004-02-12 21:42:39,0.12668748636541993,0.5,False
2004-02-12 21:52:39,0.18455965455674378,0.5,False
2004-02-12 22:02:39,0.15816800385755775,0.5,False
2004-02-12 22:12:39,0.16257939041728536,0.5,False
2004-02-12 22:22:39,0.2061348356458247,0.5,False
2004-02-12 22:32:39,0.22481583456346368,0.5,False
2004-02-12 22:42:39,0.28034405874189644,0.5,False
2004-02-12 22:52:39,0.16121717969958954,0.5,False
2004-02-12 23:02:39,0.13704805004035364,0.5,False
2004-02-12 23:12:39,0.1836414272059797,0.5,False
2004-02-12 23:22:39,0.1622210721774471,0.5,False
2004-02-12 23:32:39,0.15510907312642647,0.5,False
2004-02-12 23:42:39,0.17654740202606184,0.5,False
2004-02-12 23:52:39,0.19879417238473343,0.5,False
2004-02-13 00:02:39,0.21126626705998533,0.5,False
2004-02-13 00:12:39,0.1014428144826992,0.5,False
2004-02-13 00:22:39,0.1878337977991788,0.5,False
2004-02-13 00:32:39,0.21881905077560243,0.5,False
2004-02-13 00:42:39,0.16272209481499716,0.5,False
2004-02-13 00:52:39,0.1632813278082894,0.5,False
2004-02-13 01:02:39,0.22085148418936207,0.5,False
2004-02-13 01:12:39,0.17654740202606184,0.5,False
2004-02-13 01:22:39,0.1624043086203046,0.5,False
2004-02-13 01:32:39,0.18258646626061656,0.5,False
2004-02-13 01:42:39,0.15603801494852668,0.5,False
2004-02-13 01:52:39,0.1954202575810372,0.5,False
2004-02-13 02:02:39,0.15300987549226466,0.5,False
2004-02-13 02:12:39,0.1518152758147173,0.5,False
2004-02-13 02:22:39,0.10804294992267725,0.5,False
2004-02-13 02:32:39,0.13979451785976646,0.5,False
2004-02-13 02:42:39,0.1467164531883086,0.5,False
2004-02-13 02:52:39,0.18007565869743453,0.5,False
2004-02-13 03:02:39,0.14423051045246893,0.5,False
2004-02-13 03:12:39,0.1133928446181209,0.5,False
2004-02-13 03:22:39,0.13642355683210278,0.5,False
2004-02-13 03:32:39,0.1062267415591333,0.5,False
2004-02-13 03:42:39,0.18546081309096898,0.5,False
2004-02-13 03:52:39,0.10992408130545615,0.5,False
2004-02-13 04:02:39,0.14225281405659537,0.5,False
2004-02-13 04:12:39,0.14443552318783623,0.5,False
2004-02-13 04:22:39,0.16220539788986124,0.5,False
2004-02-13 04:32:39,0.12701722290935824,0.5,False
2004-02-13 04:42:39,0.19451864389937004,0.5,False
2004-02-13 04:52:39,0.09882041760004943,0.5,False
2004-02-13 05:02:39,0.20374190300906148,0.5,False
2004-02-13 05:12:39,0.18161831553910718,0.5,False
2004-02-13 05:22:39,0.13903162344545772,0.5,False
2004-02-13 05:32:39,0.19331695356473594,0.5,False
2004-02-13 05:42:39,0.1655669654342302,0.5,False
2004-02-13 05:52:39,0.13351707042003783,0.5,False
2004-02-13 06:02:39,0.1457751757398907,0.5,False
2004-02-13 06:12:39,0.19074253416994355,0.5,False
2004-02-13 06:22:39,0.1267542683824156,0.5,False
2004-02-13 06:32:39,0.13780980407908255,0.5,False
2004-02-13 06:42:39,0.21844298777764748,0.5,False
2004-02-13 06:52:39,0.17464071062887782,0.5,False
2004-02-13 07:02:39,0.1846959094048289,0.5,False
2004-02-13 07:12:39,0.1882608726594008,0.5,False
2004-02-13 07:22:39,0.20502549425803246,0.5,False
2004-02-13 07:32:39,0.1888914501219783,0.5,False
2004-02-13 07:42:39,0.12393525436030198,0.5,False
2004-02-13 07:52:39,0.14230885268801513,0.5,False
2004-02-13 08:02:39,0.15856803588003063,0.5,False
2004-02-13 08:12:39,0.15624795890634546,0.5,False
2004-02-13 08:22:39,0.17563409976275798,0.5,False
2004-02-13 08:32:39,0.13879326227491617,0.5,False
2004-02-13 08:42:39,0.1937790190692725,0.5,False
2004-02-13 08:52:39,0.11669574399371332,0.5,False
2004-02-13 09:02:39,0.1705391130518816,0.5,False
2004-02-13 09:12:39,0.15055914381680077,0.5,False
2004-02-13 09:22:39,0.11832767921117879,0.5,False
2004-02-13 09:32:39,0.14054270743203542,0.5,False
2004-02-13 09:42:39,0.25894564178084356,0.5,False
2004-02-13 09:52:39,0.16898112958093986,0.5,False
2004-02-13 10:02:39,0.10086031582290055,0.5,False
2004-02-13 10:12:39,0.11232166122455248,0.5,False
2004-02-13 10:22:39,0.14459995651272411,0.5,False
2004-02-13 10:32:39,0.15005519145058036,0.5,False
2004-02-13 10:42:39,0.2905673665780877,0.5,False
2004-02-13 10:52:39,0.12905769295854685,0.5,False
2004-02-13 11:02:39,0.2827659746782378,0.5,False
2004-02-13 11:12:39,0.14494656704353615,0.5,False
2004-02-13 11:22:39,0.14009054057755407,0.5,False
2004-02-13 11:32:39,0.19995823889764733,0.5,False
2004-02-13 11:42:39,0.1559794142042079,0.5,False
2004-02-13 11:52:39,0.12999020249730572,0.5,False
2004-02-13 12:02:39,0.22923591067830035,0.5,False
2004-02-13 12:12:39,0.13552378219568506,0.5,False
2004-02-13 12:22:39,0.21207231170094568,0.5,False
2004-02-13 12:32:39,0.16703210263857768,0.5,False
2004-02-13 12:42:39,0.22781516518808542,0.5,False
2004-02-13 12:52:39,0.1648618954683221,0.5,False
2004-02-13 13:02:39,0.1361496642336009,0.5,False
2004-02-13 13:12:39,0.1584144263822322,0.5,False
2004-02-13 13:22:39,0.21643845688130336,0.5,False
2004-02-13 13:32:39,0.13925383249817544,0.5,False
2004-02-13 13:42:39,0.12055224995450908,0.5,False
2004-02-13 13:52:39,0.1940993177535758,0.5,False
2004-02-13 14:02:39,0.25847370883167253,0.5,False
2004-02-13 14:12:39,0.09418309929466592,0.5,False
2004-02-13 14:22:39,0.11427384626742337,0.5,False
2004-02-13 14:32:39,0.13803449823532965,0.5,False
2004-02-13 14:42:39,0.22163174146336806,0.5,False
2004-02-13 14:52:39,0.19403304019888654,0.5,False
2004-02-13 15:02:39,0.18794662732054151,0.5,False
2004-02-13 15:12:39,0.14845053565017763,0.5,False
2004-02-13 15:22:39,0.2127325388886599,0.5,False
2004-02-13 15:32:39,0.13410236512134202,0.5,False
2004-02-13 15:42:39,0.1635274050591844,0.5,False
2004-02-13 15:52:39,0.16923613059903994,0.5,False
2004-02-13 16:02:39,0.1490980480473342,0.5,False
2004-02-13 16:12:39,0.21050184570479483,0.5,False
2004-02-13 16:22:39,0.19285124003953408,0.5,False
2004-02-13 16:32:39,0.14494656704353615,0.5,False
2004-02-13 16:42:39,0.11162196862733392,0.5,False
2004-02-13 16:52:39,0.19908526366929694,0.5,False
2004-02-13 17:02:39,0.1343682082769358,0.5,False
2004-02-13 17:12:39,0.14243022231797142,0.5,False
2004-02-13 17:22:39,0.1352010235702447,0.5,False
2004-02-13 17:32:39,0.14602982163599218,0.5,False
2004-02-13 17:42:39,0.34675916169368415,0.5,False
2004-02-13 17:52:39,0.19565130472243036,0.5,False
2004-02-13 18:02:39,0.13925383249817544,0.5,False
2004-02-13 18:12:39,0.20629061793688805,0.5,False
2004-02-13 18:22:39,0.20089917187803136,0.5,False
2004-02-13 18:32:39,0.1917021108643576,0.5,False
2004-02-13 18:42:39,0.17382413037398464,0.5,False
2004-02-13 18:52:39,0.15501183634136462,0.5,False
2004-02-13 19:02:39,0.14120768204258397,0.5,False
2004-02-13 19:12:39,0.1985741620226442,0.5,False
2004-02-13 19:22:39,0.3460367656090525,0.5,False
2004-02-13 19:32:39,0.12324776502580737,0.5,False
2004-02-13 19:42:39,0.12487431649501972,0.5,False
2004-02-13 19:52:39,0.16198136009382177,0.5,False
2004-02-13 20:02:39,0.15008058592772433,0.5,False
2004-02-13 20:12:39,0.17642676501659732,0.5,False
2004-02-13 20:22:39,0.13803449823532965,0.5,False
2004-02-13 20:32:39,0.20975712221500287,0.5,False
2004-02-13 20:42:39,0.12794010019116298,0.5,False
2004-02-13 20:52:39,0.16952170105757447,0.5,False
2004-02-13 21:02:39,0.1659465694175953,0.5,False
2004-02-13 21:12:39,0.22306936841012592,0.5,False
2004-02-13 21:22:39,0.3327339620455694,0.5,False
2004-02-13 21:32:39,0.26271394019275135,0.5,False
2004-02-13 21:42:39,0.18007565869743453,0.5,False
2004-02-13 21:52:39,0.10375688009216226,0.5,False
2004-02-13 22:02:39,0.199605083908942,0.5,False
2004-02-13 22:12:39,0.16886086082010088,0.5,False
2004-02-13 22:22:39,0.16184290144671765,0.5,False
2004-02-13 22:32:39,0.18860409346031545,0.5,False
2004-02-13 22:42:39,0.10375688009216226,0.5,False
2004-02-13 22:52:39,0.1754883884830186,0.5,False
2004-02-13 23:02:39,0.14875575959265414,0.5,False
2004-02-13 23:12:39,0.19060053631581458,0.5,False
2004-02-13 23:22:39,0.1585147267701271,0.5,False
2004-02-13 23:32:39,0.15529521212280267,0.5,False
2004-02-13 23:42:39,0.19040837929320728,0.5,False
2004-02-13 23:52:39,0.22200426881872595,0.5,False
2004-02-13 23:52:39,0.22200426881872595,0.5,False
2004-02-14 00:02:39,0.19000636019779338,0.5,False
2004-02-14 00:12:39,0.16671624462675155,0.5,False
2004-02-14 00:22:39,0.1826781864411262,0.5,False
2004-02-14 00:32:39,0.19976725600540843,0.5,False
2004-02-14 00:42:39,0.15248967919164333,0.5,False
2004-02-14 00:52:39,0.2476606336256803,0.5,False
2004-02-14 01:02:39,0.29376141199540673,0.5,False
2004-02-14 01:12:39,0.2426324728711828,0.5,False
2004-02-14 01:22:39,0.26374489543270363,0.5,False
2004-02-14 01:32:39,0.2028335588375416,0.5,False
2004-02-14 01:42:39,0.24133150864569652,0.5,False
2004-02-14 01:52:39,0.19651535397957606,0.5,False
2004-02-14 02:02:39,0.19035006695873644,0.5,False
2004-02-14 02:12:39,0.18034899615296093,0.5,False
2004-02-14 02:22:39,0.15344153392187126,0.5,False
2004-02-14 02:32:39,0.20405115960021888,0.5,False
2004-02-14 02:42:39,0.2666293116939572,0.5,False
2004-02-14 02:52:39,0.23845766647927247,0.5,False
2004-02-14 03:02:39,0.3054362113018543,0.5,False
2004-02-14 03:12:39,0.18693069244953472,0.5,False
2004-02-14 03:22:39,0.1382881017555413,0.5,False
2004-02-14 03:32:39,0.19704676339861682,0.5,False
2004-02-14 03:42:39,0.20463033250612356,0.5,False
2004-02-14 03:52:39,0.2938985063047168,0.5,False
2004-02-14 04:02:39,0.17464817964401086,0.5,False
2004-02-14 04:12:39,0.2254810505424557,0.5,False
2004-02-14 04:22:39,0.20018789509905688,0.5,False
2004-02-14 04:32:39,0.20427618761454877,0.5,False
2004-02-14 04:42:39,0.17509442417471793,0.5,False
2004-02-14 04:52:39,0.1550038402096946,0.5,False
2004-02-14 05:02:39,0.1422308446352923,0.5,False
2004-02-14 05:12:39,0.15652559001879474,0.5,False
2004-02-14 05:22:39,0.1889826027214866,0.5,False
2004-02-14 05:32:39,0.24685341494893123,0.5,False
2004-02-14 05:42:39,0.17170248499580584,0.5,False
2004-02-14 05:52:39,0.16645353131757004,0.5,False
2004-02-14 06:02:39,0.16892903670865744,0.5,False
2004-02-14 06:12:39,0.18048292992557569,0.5,False
2004-02-14 06:22:39,0.244201187348576,0.5,False
2004-02-14 06:32:39,0.1329672649462312,0.5,False
2004-02-14 06:42:39,0.28553483829890886,0.5,False
2004-02-14 06:52:39,0.2385708674603861,0.5,False
2004-02-14 07:02:39,0.1519493484837975,0.5,False
2004-02-14 07:12:39,0.1973893497143399,0.5,False
2004-02-14 07:22:39,0.13324150021432954,0.5,False
2004-02-14 07:32:39,0.19229167336826536,0.5,False
2004-02-14 07:42:39,0.22374216912246753,0.5,False
2004-02-14 07:52:39,0.30652131570978536,0.5,False
2004-02-14 08:02:39,0.1419841025762525,0.5,False
2004-02-14 08:12:39,0.2139566136477658,0.5,False
2004-02-14 08:22:39,0.20698050404548432,0.5,False
2004-02-14 08:32:39,0.25187731263335067,0.5,False
2004-02-14 08:42:39,0.23117995539882388,0.5,False
2004-02-14 08:52:39,0.2765465229370217,0.5,False
2004-02-14 09:02:39,0.3414164933091251,0.5,False
2004-02-14 09:12:39,0.18994373202053855,0.5,False
2004-02-14 09:22:39,0.24281368911292,0.5,False
2004-02-14 09:32:39,0.42858781520893935,0.5,False
2004-02-14 09:42:39,0.21997580673172484,0.5,False
2004-02-14 09:52:39,0.22965151309050896,0.5,False
2004-02-14 10:02:39,0.29040058369999583,0.5,False
2004-02-14 10:12:39,0.21367842920343816,0.5,False
2004-02-14 10:22:39,0.2572068407354894,0.5,False
2004-02-14 10:32:39,0.14040334816697528,0.5,False
2004-02-14 10:42:39,0.26495009609841674,0.5,False
2004-02-14 10:52:39,0.19858355070539876,0.5,False
2004-02-14 11:02:39,0.30764367193906333,0.5,False
2004-02-14 11:12:39,0.2054444699640688,0.5,False
2004-02-14 11:22:39,0.36860237662751205,0.5,False
2004-02-14 11:32:39,0.20031175601174844,0.5,False
2004-02-14 11:42:39,0.26388983779848163,0.5,False
2004-02-14 11:52:39,0.3083377656213266,0.5,False
2004-02-14 12:02:39,0.14293217975519676,0.5,False
2004-02-14 12:12:39,0.21629447631083126,0.5,False
2004-02-14 12:22:39,0.17517335515897925,0.5,False
2004-02-14 12:32:39,0.2687086841838305,0.5,False
2004-02-14 12:42:39,0.15099431950059533,0.5,False
2004-02-14 12:52:39,0.2675692950084693,0.5,False
2004-02-14 13:02:39,0.17550646180496401,0.5,False
2004-02-14 13:12:39,0.2892798079210506,0.5,False
2004-02-14 13:22:39,0.31809981804746296,0.5,False
2004-02-14 13:32:39,0.2629096792690042,0.5,False
2004-02-14 13:42:39,0.15888449040878438,0.5,False
2004-02-14 13:52:39,0.3254766175680715,0.5,False
2004-02-14 14:02:39,0.3638493882508532,0.5,False
2004-02-14 14:12:39,0.13410252270771075,0.5,False
2004-02-14 14:22:39,0.17224959088867217,0.5,False
2004-02-14 14:32:39,0.4209268185473035,0.5,False
2004-02-14 14:42:39,0.31776553185050116,0.5,False
2004-02-14 14:52:39,0.17413589181578318,0.5,False
2004-02-14 15:02:39,0.2314670135706832,0.5,False
2004-02-14 15:12:39,0.28839076038760986,0.5,False
2004-02-14 15:22:39,0.24779298286926635,0.5,False
2004-02-14 15:32:39,0.18296376130324243,0.5,False
2004-02-14 15:42:39,0.26344421864757295,0.5,False
2004-02-14 15:52:39,0.20426283544691945,0.5,False
2004-02-14 16:02:39,0.37987976458777106,0.5,False
2004-02-14 16:12:39,0.2130103599042294,0.5,False
2004-02-14 16:22:39,0.2714641604408618,0.5,False
2004-02-14 16:32:39,0.17355214405304842,0.5,False
2004-02-14 16:42:39,0.17560499729531018,0.5,False
2004-02-14 16:52:39,0.2545571843738241,0.5,False
2004-02-14 17:02:39,0.2996681782380827,0.5,False
2004-02-14 17:12:39,0.1653242832029752,0.5,False
2004-02-14 17:22:39,0.2515050476970432,0.5,False
2004-02-14 17:32:39,0.23972270523608671,0.5,False
2004-02-14 17:42:39,0.14936217575434058,0.5,False
2004-02-14 17:52:39,0.371331216110811,0.5,False
2004-02-14 18:02:39,0.3389342031943524,0.5,False
2004-02-14 18:12:39,0.24621375213397628,0.5,False
2004-02-14 18:22:39,0.23004831627379516,0.5,False
2004-02-14 18:32:39,0.23983717542701954,0.5,False
2004-02-14 18:42:39,0.24815559042952182,0.5,False
2004-02-14 18:52:39,0.20942653124299604,0.5,False
2004-02-14 19:02:39,0.25562957182065393,0.5,False
2004-02-14 19:12:39,0.23367142869754925,0.5,False
2004-02-14 19:22:39,0.2761825058990649,0.5,False
2004-02-14 19:32:39,0.23481509801487327,0.5,False
2004-02-14 19:42:39,0.20655762147005022,0.5,False
2004-02-14 19:52:39,0.5774432341539246,0.5,True
2004-02-14 20:02:39,0.23548827146641976,0.5,False
2004-02-14 20:12:39,0.1939121216772692,0.5,False
2004-02-14 20:22:39,0.3327646989642898,0.5,False
2004-02-14 20:32:39,0.4624944349900407,0.5,False
2004-02-14 20:42:39,0.3520126308707961,0.5,False
2004-02-14 20:52:39,0.5031957095477039,0.5,True
2004-02-14 21:02:39,0.32215623368943885,0.5,False
2004-02-14 21:12:39,0.1802703628994034,0.5,False
2004-02-14 21:22:39,0.18773514145657763,0.5,False
2004-02-14 21:32:39,0.21196477917509782,0.5,False
2004-02-14 21:42:39,0.3615631540690025,0.5,False
2004-02-14 21:52:39,0.23488351413288316,0.5,False
2004-02-14 22:02:39,0.19977311470163997,0.5,False
2004-02-14 22:12:39,0.2073014983275235,0.5,False
2004-02-14 22:22:39,0.2163127444404301,0.5,False
2004-02-14 22:32:39,0.21785376400192058,0.5,False
2004-02-14 22:42:39,0.509912859041741,0.5,True
2004-02-14 22:52:39,0.3232717687166145,0.5,False
2004-02-14 23:02:39,0.2760361518417421,0.5,False
2004-02-14 23:12:39,0.19569305232061568,0.5,False
2004-02-14 23:22:39,0.14512666063586263,0.5,False
2004-02-14 23:32:39,0.23378756842932788,0.5,False
2004-02-14 23:42:39,0.17580738446140684,0.5,False
2004-02-14 23:52:39,0.3088615958139847,0.5,False
2004-02-15 00:02:39,0.319021501603052,0.5,False
2004-02-15 00:12:39,0.27675258515609774,0.5,False
2004-02-15 00:22:39,0.42216080856130045,0.5,False
2004-02-15 00:32:39,0.2922760321208596,0.5,False
2004-02-15 00:42:39,0.3405575940613675,0.5,False
2004-02-15 00:52:39,0.25594818064211694,0.5,False
2004-02-15 01:02:39,0.17804149629115854,0.5,False
2004-02-15 01:12:39,0.38597065971709826,0.5,False
2004-02-15 01:22:39,0.3288603674588265,0.5,False
2004-02-15 01:32:39,0.3985342113448559,0.5,False
2004-02-15 01:42:39,0.26460287737910543,0.5,False
2004-02-15 01:52:39,0.38000651436888705,0.5,False
2004-02-15 02:02:39,0.19586800021493928,0.5,False
2004-02-15 02:12:39,0.39645201907353644,0.5,False
2004-02-15 02:22:39,0.16617941191202062,0.5,False
2004-02-15 02:32:39,0.44980263195892034,0.5,False
2004-02-15 02:42:39,0.14517466337363222,0.5,False
2004-02-15 02:52:39,0.2566528538794038,0.5,False
2004-02-15 03:02:39,0.5768092603584073,0.5,True
2004-02-15 03:12:39,0.2269299287141004,0.5,False
2004-02-15 03:22:39,0.38000653953602576,0.5,False
2004-02-15 03:32:39,0.3054748727341793,0.5,False
2004-02-15 03:42:39,0.3118054733833807,0.5,False
2004-02-15 03:52:39,0.15080791018721285,0.5,False
2004-02-15 04:02:39,0.3362686209257096,0.5,False
2004-02-15 04:12:39,0.25952263361587324,0.5,False
2004-02-15 04:22:39,0.2083435227521027,0.5,False
2004-02-15 04:32:39,0.13139003864585794,0.5,False
2004-02-15 04:42:39,0.33471425877073474,0.5,False
2004-02-15 04:52:39,0.5838373283743223,0.5,True
2004-02-15 05:02:39,0.21254320743562283,0.5,False
2004-02-15 05:12:39,0.22043901872714328,0.5,False
2004-02-15 05:22:39,0.4565414791202116,0.5,False
2004-02-15 05:32:39,0.19301578476377623,0.5,False
2004-02-15 05:42:39,0.7100887198717206,0.5,True
2004-02-15 05:52:39,0.41027303259698966,0.5,False
2004-02-15 06:02:39,0.28031419312070205,0.5,False
2004-02-15 06:12:39,0.237268826247655,0.5,False
2004-02-15 06:22:39,0.5322994027344684,0.5,True
2004-02-15 06:32:39,0.2774607199002207,0.5,False
2004-02-15 06:42:39,0.4324489821105666,0.5,False
2004-02-15 06:52:39,0.3870534085621648,0.5,False
2004-02-15 07:02:39,0.16877647641365692,0.5,False
2004-02-15 07:12:39,0.2612194990468244,0.5,False
2004-02-15 07:22:39,0.6314856172024129,0.5,True
2004-02-15 07:32:39,0.23265661055018433,0.5,False
2004-02-15 07:42:39,0.24309400382728616,0.5,False
2004-02-15 07:52:39,0.2993445322588155,0.5,False
2004-02-15 08:02:39,0.3409422802988451,0.5,False
2004-02-15 08:12:39,0.4144068798799994,0.5,False
2004-02-15 08:22:39,0.46619805249001783,0.5,False
2004-02-15 08:32:39,0.2042511920551732,0.5,False
2004-02-15 08:42:39,0.24174666186938956,0.5,False
2004-02-15 08:52:39,0.32556481982017366,0.5,False
2004-02-15 09:02:39,0.17605233308581533,0.5,False
2004-02-15 09:12:39,0.2833880322326424,0.5,False
2004-02-15 09:22:39,0.18390784229305768,0.5,False
2004-02-15 09:32:39,0.283852389893873,0.5,False
2004-02-15 09:42:39,0.30143000404582476,0.5,False
2004-02-15 09:52:39,0.45355672214487885,0.5,False
2004-02-15 10:02:39,0.14356661133584547,0.5,False
2004-02-15 10:12:39,0.30277342217201636,0.5,False
2004-02-15 10:22:39,0.30489257342722303,0.5,False
2004-02-15 10:32:39,0.2733793953973597,0.5,False
2004-02-15 10:42:39,0.4604844565407774,0.5,False
2004-02-15 10:52:39,0.271593995821403,0.5,False
2004-02-15 11:02:39,0.31350212900453395,0.5,False
2004-02-15 11:12:39,0.3734590914721585,0.5,False
2004-02-15 11:22:39,0.43063090292228356,0.5,False
2004-02-15 11:32:39,0.359735415814231,0.5,False
2004-02-15 11:42:39,0.38820666551066596,0.5,False
2004-02-15 11:52:39,0.20408605845671063,0.5,False
2004-02-15 12:02:39,0.3199002402129796,0.5,False
2004-02-15 12:12:39,0.34906633087150163,0.5,False
2004-02-15 12:22:39,0.19680513901780006,0.5,False
2004-02-15 12:32:39,0.34940432660897397,0.5,False
2004-02-15 12:42:39,0.3135033747521708,0.5,False
2004-02-15 12:52:39,0.316006260096186,0.5,False
2004-02-15 13:02:39,0.3814683694844822,0.5,False
2004-02-15 13:12:39,0.31747664787789404,0.5,False
2004-02-15 13:22:39,0.24440053560432848,0.5,False
2004-02-15 13:32:39,0.16916148309973328,0.5,False
2004-02-15 13:42:39,0.2876018695534626,0.5,False
2004-02-15 13:52:39,0.23293926745610252,0.5,False
2004-02-15 14:02:39,0.31225473054354497,0.5,False
2004-02-15 14:12:39,0.345820101754608,0.5,False
2004-02-15 14:22:39,0.4182686799290918,0.5,False
2004-02-15 14:32:39,0.42157965874490566,0.5,False
2004-02-15 14:42:39,0.24665447005622035,0.5,False
2004-02-15 14:52:39,0.4297812567697794,0.5,False
2004-02-15 15:02:39,0.3958006528456356,0.5,False
2004-02-15 15:12:39,0.28922562879403935,0.5,False
2004-02-15 15:22:39,0.2694088299569791,0.5,False
2004-02-15 15:32:39,0.17250326061419988,0.5,False
2004-02-15 15:42:39,0.3658885633959553,0.5,False
2004-02-15 15:52:39,0.2792926693929029,0.5,False
2004-02-15 16:02:39,0.4712425404136846,0.5,False
2004-02-15 16:12:39,0.2101679564920976,0.5,False
2004-02-15 16:22:39,0.5008357765000669,0.5,True
2004-02-15 16:32:39,0.2828324375781255,0.5,False
2004-02-15 16:42:39,0.4557717164775863,0.5,False
2004-02-15 16:52:39,0.20682923773230313,0.5,False
2004-02-15 17:02:39,0.27016133469476933,0.5,False
2004-02-15 17:12:39,0.3390161369286215,0.5,False
2004-02-15 17:22:39,0.5814048678403311,0.5,True
2004-02-15 17:32:39,0.36400568345189493,0.5,False
2004-02-15 17:42:39,0.3509449178432945,0.5,False
2004-02-15 17:52:39,0.24394041461532343,0.5,False
2004-02-15 18:02:39,0.4917482534495897,0.5,False
2004-02-15 18:12:39,0.28017101204683126,0.5,False
2004-02-15 18:22:39,0.23813362870062318,0.5,False
2004-02-15 18:32:39,0.4437620242846432,0.5,False
2004-02-15 18:42:39,0.3130011255314141,0.5,False
2004-02-15 18:52:39,0.2611011966612872,0.5,False
2004-02-15 19:02:39,0.38250480506911805,0.5,False
2004-02-15 19:12:39,0.4349245711101985,0.5,False
2004-02-15 19:22:39,0.252679777746963,0.5,False
2004-02-15 19:32:39,0.49206334523657774,0.5,False
2004-02-15 19:42:39,0.44107734098239304,0.5,False
2004-02-15 19:52:39,0.2754499409192033,0.5,False
2004-02-15 20:02:39,0.4506323021681006,0.5,False
2004-02-15 20:12:39,0.4786783216270104,0.5,False
2004-02-15 20:22:39,0.45008439351077534,0.5,False
2004-02-15 20:32:39,0.4750447378037405,0.5,False
2004-02-15 20:42:39,0.41314246837234153,0.5,False
2004-02-15 20:52:39,0.5369500054117609,0.5,True
2004-02-15 21:02:39,0.47660410294732597,0.5,False
2004-02-15 21:12:39,0.4220624041846033,0.5,False
2004-02-15 21:22:39,0.34220597572452455,0.5,False
2004-02-15 21:32:39,0.2077355708137227,0.5,False
2004-02-15 21:42:39,0.35240644075193894,0.5,False
2004-02-15 21:52:39,0.6239385182817917,0.5,True
2004-02-15 22:02:39,0.3574366826336065,0.5,False
2004-02-15 22:12:39,0.3747498200538243,0.5,False
2004-02-15 22:22:39,0.1810502692604551,0.5,False
2004-02-15 22:32:39,0.3998712337673856,0.5,False
2004-02-15 22:42:39,0.22433455073640315,0.5,False
2004-02-15 22:52:39,0.40825441180283784,0.5,False
2004-02-15 23:02:39,0.3297594152056167,0.5,False
2004-02-15 23:12:39,0.4111050609907178,0.5,False
2004-02-15 23:22:39,0.27295222817760795,0.5,False
2004-02-15 23:32:39,0.2757262753037072,0.5,False
2004-02-15 23:42:39,0.3568134945442789,0.5,False
2004-02-15 23:52:39,0.6047697858851266,0.5,True
2004-02-16 00:02:39,0.2892473267767129,0.5,False
2004-02-16 00:12:39,0.5533793648975182,0.5,True
2004-02-16 00:22:39,0.33929784059835116,0.5,False
2004-02-16 00:32:39,0.45878210984393764,0.5,False
2004-02-16 00:42:39,0.2690272132947123,0.5,False
2004-02-16 00:52:39,0.4211625846450706,0.5,False
2004-02-16 01:02:39,0.4015035158784976,0.5,False
2004-02-16 01:12:39,0.3882314071082433,0.5,False
2004-02-16 01:22:39,0.4207664972419352,0.5,False
2004-02-16 01:32:39,0.4567056489912221,0.5,False
2004-02-16 01:42:39,0.4160389006555141,0.5,False
2004-02-16 01:52:39,0.4934475035067052,0.5,False
2004-02-16 02:02:39,0.5122783134212682,0.5,True
2004-02-16 02:12:39,0.3562011844379845,0.5,False
2004-02-16 02:22:39,0.4371969558737646,0.5,False
2004-02-16 02:32:39,0.3128979430837218,0.5,False
2004-02-16 02:42:39,0.5917256285558989,0.5,True
2004-02-16 02:52:39,0.4060611358163706,0.5,False
2004-02-16 03:02:39,0.390061636931856,0.5,False
2004-02-16 03:12:39,0.7593121195838333,0.5,True
2004-02-16 03:22:39,0.9979423161989173,0.5,True
2004-02-16 03:32:39,1.1593452741074886,0.5,True
2004-02-16 03:42:39,1.1099803228258531,0.5,True
2004-02-16 03:52:39,0.9478808667564081,0.5,True
2004-02-16 04:02:39,1.1722126193627511,0.5,True
2004-02-16 04:12:39,1.3377393717271384,0.5,True
2004-02-16 04:22:39,1.1210777633104418,0.5,True
2004-02-16 04:32:39,0.825073291041519,0.5,True
2004-02-16 04:42:39,0.9859851973124566,0.5,True
2004-02-16 04:52:39,1.029090123266482,0.5,True
2004-02-16 05:02:39,1.271607436599726,0.5,True
2004-02-16 05:12:39,1.174890485250973,0.5,True
2004-02-16 05:22:39,1.5139453167780414,0.5,True
2004-02-16 05:32:39,1.2460738246410732,0.5,True
2004-02-16 05:42:39,1.2402126427342335,0.5,True
2004-02-16 05:52:39,1.5089060639985823,0.5,True
2004-02-16 06:02:39,1.482576886598667,0.5,True
2004-02-16 06:12:39,1.609596174141245,0.5,True
2004-02-16 06:22:39,1.2681977537973375,0.5,True
2004-02-16 06:32:39,1.3167784957046031,0.5,True
2004-02-16 06:42:39,1.4543751238372942,0.5,True
2004-02-16 06:52:39,1.535149654830554,0.5,True
2004-02-16 07:02:39,1.7703851668909558,0.5,True
2004-02-16 07:12:39,1.4782587012391155,0.5,True
2004-02-16 07:22:39,1.9065412011634129,0.5,True
2004-02-16 07:32:39,1.4641297159214797,0.5,True
2004-02-16 07:42:39,1.7025875120231961,0.5,True
2004-02-16 07:52:39,1.8328490137763276,0.5,True
2004-02-16 08:02:39,1.5962243844028803,0.5,True
2004-02-16 08:12:39,1.6105207454154018,0.5,True
2004-02-16 08:22:39,1.8197082959280204,0.5,True
2004-02-16 08:32:39,1.426406104351141,0.5,True
2004-02-16 08:42:39,1.7033209223495107,0.5,True
2004-02-16 08:52:39,1.5513007950294389,0.5,True
2004-02-16 09:02:39,1.5507147975173148,0.5,True
2004-02-16 09:12:39,1.589664779352879,0.5,True
2004-02-16 09:22:39,1.7316893820751156,0.5,True
2004-02-16 09:32:39,1.6471310940580552,0.5,True
2004-02-16 09:42:39,1.9199961846415627,0.5,True
2004-02-16 09:52:39,1.7584785014861886,0.5,True
2004-02-16 10:02:39,1.5398864656404747,0.5,True
2004-02-16 10:12:39,1.922263697523584,0.5,True
2004-02-16 10:22:39,1.7607835520364379,0.5,True
2004-02-16 10:32:39,1.5990981570269558,0.5,True
2004-02-16 10:42:39,1.7452571851197147,0.5,True
2004-02-16 10:52:39,1.9530604875628683,0.5,True
2004-02-16 11:02:39,2.1391797231130125,0.5,True
2004-02-16 11:12:39,1.9726776198178866,0.5,True
2004-02-16 11:22:39,2.179553458174559,0.5,True
2004-02-16 11:32:39,2.0142726415486707,0.5,True
2004-02-16 11:42:39,2.220927725330447,0.5,True
2004-02-16 11:52:39,1.8043267129084037,0.5,True
2004-02-16 12:02:39,2.0057656590178947,0.5,True
2004-02-16 12:12:39,2.154434304538464,0.5,True
2004-02-16 12:22:39,2.2781578021059734,0.5,True
2004-02-16 12:32:39,1.931181610333117,0.5,True
2004-02-16 12:42:39,2.1839003417897827,0.5,True
2004-02-16 12:52:39,2.1359575384534923,0.5,True
2004-02-16 13:02:39,1.966250755751044,0.5,True
2004-02-16 13:12:39,1.9040585394063942,0.5,True
2004-02-16 13:22:39,2.2251041736620154,0.5,True
2004-02-16 13:32:39,2.31828194792986,0.5,True
2004-02-16 13:42:39,2.0577169610856734,0.5,True
2004-02-16 13:52:39,2.214973800797486,0.5,True
2004-02-16 14:02:39,2.0706546771790495,0.5,True
2004-02-16 14:12:39,2.0245218577045807,0.5,True
2004-02-16 14:22:39,2.100232011747495,0.5,True
2004-02-16 14:32:39,2.116805781366739,0.5,True
2004-02-16 14:42:39,2.5622960688213756,0.5,True
2004-02-16 14:52:39,2.345621693377633,0.5,True
2004-02-16 15:02:39,2.1833984890580336,0.5,True
2004-02-16 15:12:39,2.2065686890057514,0.5,True
2004-02-16 15:22:39,2.5162298959171148,0.5,True
2004-02-16 15:32:39,2.4440793370963805,0.5,True
2004-02-16 15:42:39,2.4636863377891114,0.5,True
2004-02-16 15:52:39,2.666492087862853,0.5,True
2004-02-16 16:02:39,2.7757467414714987,0.5,True
2004-02-16 16:12:39,2.9782002166526964,0.5,True
2004-02-16 16:22:39,2.7091679195281575,0.5,True
2004-02-16 16:32:39,2.7425686358386714,0.5,True
2004-02-16 16:42:39,2.8748040946072932,0.5,True
2004-02-16 16:52:39,3.033096559772456,0.5,True
2004-02-16 17:02:39,3.0380083854948903,0.5,True
2004-02-16 17:12:39,2.662431409554146,0.5,True
2004-02-16 17:22:39,2.7964580950572526,0.5,True
2004-02-16 17:32:39,2.7755063303719316,0.5,True
2004-02-16 17:42:39,2.6835624016958564,0.5,True
2004-02-16 17:52:39,2.4176843735013045,0.5,True
2004-02-16 18:02:39,3.3792292173667606,0.5,True
2004-02-16 18:12:39,2.7287896253573565,0.5,True
2004-02-16 18:22:39,2.8087628477447772,0.5,True
2004-02-16 18:32:39,3.0191352631792276,0.5,True
2004-02-16 18:42:39,2.9751389273644584,0.5,True
2004-02-16 18:52:39,2.981979579446899,0.5,True
2004-02-16 19:02:39,2.946559475130741,0.5,True
2004-02-16 19:12:39,2.891452614723793,0.5,True
2004-02-16 19:22:39,2.8854085448867566,0.5,True
2004-02-16 19:32:39,2.425917904737353,0.5,True
2004-02-16 19:42:39,3.220455099106233,0.5,True
2004-02-16 19:52:39,3.1094719099343453,0.5,True
2004-02-16 20:02:39,2.5701468407549863,0.5,True
2004-02-16 20:12:39,2.972385197774769,0.5,True
2004-02-16 20:22:39,2.8227283058397363,0.5,True
2004-02-16 20:32:39,3.221471226831231,0.5,True
2004-02-16 20:42:39,3.1843461454513147,0.5,True
2004-02-16 20:52:39,2.6668294207584347,0.5,True
2004-02-16 21:02:39,3.157668811698051,0.5,True
2004-02-16 21:12:39,3.3462072144497883,0.5,True
2004-02-16 21:22:39,3.4493858922609015,0.5,True
2004-02-16 21:32:39,3.3223206024269962,0.5,True
2004-02-16 21:42:39,3.192007623172041,0.5,True
2004-02-16 21:52:39,3.125115373697425,0.5,True
2004-02-16 22:02:39,3.053814601327505,0.5,True
2004-02-16 22:12:39,3.2640552990883203,0.5,True
2004-02-16 22:22:39,3.860308078946414,0.5,True
2004-02-16 22:32:39,4.503562151898765,0.5,True
2004-02-16 22:42:39,4.213418508061848,0.5,True
2004-02-16 22:52:39,4.3770581121599585,0.5,True
2004-02-16 23:02:39,4.460572502432724,0.5,True
2004-02-16 23:12:39,4.151638675801111,0.5,True
2004-02-16 23:22:39,4.380506023761699,0.5,True
2004-02-16 23:32:39,4.491721014574986,0.5,True
2004-02-16 23:42:39,3.804054939771333,0.5,True
2004-02-16 23:52:39,4.550478322420279,0.5,True
2004-02-17 00:02:39,4.486303024468407,0.5,True
2004-02-17 00:12:39,4.147569668122176,0.5,True
2004-02-17 00:22:39,4.295864525698744,0.5,True
2004-02-17 00:32:39,4.216429160153394,0.5,True
2004-02-17 00:42:39,4.587127989262952,0.5,True
2004-02-17 00:52:39,4.667855265523593,0.5,True
2004-02-17 01:02:39,4.338686515492825,0.5,True
2004-02-17 01:12:39,4.130172194824442,0.5,True
2004-02-17 01:22:39,4.500534688125754,0.5,True
2004-02-17 01:32:39,4.64990071209615,0.5,True
2004-02-17 01:42:39,4.314406180453849,0.5,True
2004-02-17 01:52:39,4.08367075957971,0.5,True
2004-02-17 02:02:39,4.647299600502161,0.5,True
2004-02-17 02:12:39,4.560252286363304,0.5,True
2004-02-17 02:22:39,4.294238929941947,0.5,True
2004-02-17 02:32:39,3.9305786095795323,0.5,True
2004-02-17 02:42:39,3.774676438899941,0.5,True
2004-02-17 02:52:39,4.288720516971396,0.5,True
2004-02-17 03:02:39,3.9005075291408717,0.5,True
2004-02-17 03:12:39,4.1990873369671835,0.5,True
2004-02-17 03:22:39,4.364191520144092,0.5,True
2004-02-17 03:32:39,4.3916863008015365,0.5,True
2004-02-17 03:42:39,3.965568009273351,0.5,True
2004-02-17 03:52:39,4.138289185452766,0.5,True
2004-02-17 04:02:39,4.224542313806492,0.5,True
2004-02-17 04:12:39,4.233803724397111,0.5,True
2004-02-17 04:22:39,4.218735763418321,0.5,True
2004-02-17 04:32:39,4.356559244293333,0.5,True
2004-02-17 04:42:39,4.59923837414724,0.5,True
2004-02-17 04:52:39,4.497701959380544,0.5,True
2004-02-17 05:02:39,4.3135082606720765,0.5,True
2004-02-17 05:12:39,4.283828814248846,0.5,True
2004-02-17 05:22:39,4.3889157509057455,0.5,True
2004-02-17 05:32:39,4.27591615186752,0.5,True
2004-02-17 05:42:39,4.561700951915176,0.5,True
2004-02-17 05:52:39,4.562551663690323,0.5,True
2004-02-17 06:02:39,4.713969978792195,0.5,True
2004-02-17 06:12:39,4.404063263210172,0.5,True
2004-02-17 06:22:39,4.321888808298742,0.5,True
2004-02-17 06:32:39,4.521038194052132,0.5,True
2004-02-17 06:42:39,4.768532368958424,0.5,True
2004-02-17 06:52:39,4.460670696929241,0.5,True
2004-02-17 07:02:39,5.022189193958085,0.5,True
2004-02-17 07:12:39,5.4769376641844625,0.5,True
2004-02-17 07:22:39,6.511552777416306,0.5,True
2004-02-17 07:32:39,12.68840373241566,0.5,True
2004-02-17 07:42:39,13.471847472957634,0.5,True
2004-02-17 07:52:39,13.581535889046712,0.5,True
2004-02-17 08:02:39,13.167379361917382,0.5,True
2004-02-17 08:12:39,12.92114762899068,0.5,True
2004-02-17 08:22:39,13.679191510897134,0.5,True
2004-02-17 08:32:39,12.93234928215675,0.5,True
2004-02-17 08:42:39,12.368034483383251,0.5,True
2004-02-17 08:52:39,13.731062754253331,0.5,True
2004-02-17 09:02:39,13.013385369850061,0.5,True
2004-02-17 09:12:39,13.019957397584943,0.5,True
2004-02-17 09:22:39,13.145242488436581,0.5,True
2004-02-17 09:32:39,13.245745798700309,0.5,True
2004-02-17 09:42:39,13.130400537755996,0.5,True
2004-02-17 09:52:39,12.103530678459416,0.5,True
2004-02-17 10:02:39,12.439589323726995,0.5,True
2004-02-17 10:12:39,12.466267228891155,0.5,True
2004-02-17 10:22:39,12.962079095444095,0.5,True
2004-02-17 10:32:39,12.2600766316684,0.5,True
2004-02-17 10:42:39,12.506372623273204,0.5,True
2004-02-17 10:52:39,12.11771597378091,0.5,True
2004-02-17 11:02:39,12.309960527745803,0.5,True
2004-02-17 11:12:39,12.104949109131084,0.5,True
2004-02-17 11:22:39,13.060141033894311,0.5,True
2004-02-17 11:32:39,12.941219399091496,0.5,True
2004-02-17 11:42:39,12.464131438938528,0.5,True
2004-02-17 11:52:39,12.403355996097526,0.5,True
2004-02-17 12:02:39,12.650045168582725,0.5,True
2004-02-17 12:12:39,12.700582351781721,0.5,True
2004-02-17 12:22:39,11.14339630878106,0.5,True
2004-02-17 12:32:39,12.093296587256345,0.5,True
2004-02-17 12:42:39,11.306029063125667,0.5,True
2004-02-17 12:52:39,11.51559485250529,0.5,True
2004-02-17 13:02:39,11.107020707961023,0.5,True
2004-02-17 13:12:39,11.190018410754316,0.5,True
2004-02-17 13:22:39,11.374718272652926,0.5,True
2004-02-17 13:32:39,9.788304267989622,0.5,True
2004-02-17 13:42:39,9.300864754118095,0.5,True
2004-02-17 13:52:39,10.47763810340976,0.5,True
2004-02-17 14:02:39,9.917656902191002,0.5,True
2004-02-17 14:12:39,9.888892014003714,0.5,True
2004-02-17 14:22:39,8.934406900918287,0.5,True
2004-02-17 14:32:39,9.308228071170909,0.5,True
2004-02-17 14:42:39,9.16338245970963,0.5,True
2004-02-17 14:52:39,9.638605131546015,0.5,True
2004-02-17 15:02:39,9.038026271080003,0.5,True
2004-02-17 15:12:39,9.430812073126727,0.5,True
2004-02-17 15:22:39,8.028650168091392,0.5,True
2004-02-17 15:32:39,9.42627744302473,0.5,True
2004-02-17 15:42:39,9.081236794319498,0.5,True
2004-02-17 15:52:39,8.463418371557049,0.5,True
2004-02-17 16:02:39,8.750476077559417,0.5,True
2004-02-17 16:12:39,8.501276653055596,0.5,True
2004-02-17 16:22:39,8.13514988526052,0.5,True
2004-02-17 16:32:39,7.65257640803765,0.5,True
2004-02-17 16:42:39,7.240318341858013,0.5,True
2004-02-17 16:52:39,7.344621503200639,0.5,True
2004-02-17 17:02:39,7.088337528880253,0.5,True
2004-02-17 17:12:39,6.892047175821337,0.5,True
2004-02-17 17:22:39,6.620436199662771,0.5,True
2004-02-17 17:32:39,6.313355605426283,0.5,True
2004-02-17 17:42:39,6.13208880247793,0.5,True
2004-02-17 17:52:39,5.539604190296549,0.5,True
2004-02-17 18:02:39,5.364554495532933,0.5,True
2004-02-17 18:12:39,5.291000839652704,0.5,True
2004-02-17 18:22:39,5.297606760933862,0.5,True
2004-02-17 18:32:39,5.31637705279773,0.5,True
2004-02-17 18:42:39,5.187890203967668,0.5,True
2004-02-17 18:52:39,5.1733196875245255,0.5,True
2004-02-17 19:02:39,4.778943783333519,0.5,True
2004-02-17 19:12:39,4.860392127591138,0.5,True
2004-02-17 19:22:39,4.842525856185442,0.5,True
2004-02-17 19:32:39,4.483717808349504,0.5,True
2004-02-17 19:42:39,4.329849810575834,0.5,True
2004-02-17 19:52:39,4.7734164882133046,0.5,True
2004-02-17 20:02:39,4.5527839270525385,0.5,True
2004-02-17 20:12:39,4.3502610002206135,0.5,True
2004-02-17 20:22:39,4.165530990713928,0.5,True
2004-02-17 20:32:39,4.206037323357534,0.5,True
2004-02-17 20:42:39,3.5861654208586558,0.5,True
2004-02-17 20:52:39,4.182651057951274,0.5,True
2004-02-17 21:02:39,3.921159214827524,0.5,True
2004-02-17 21:12:39,3.854694306625556,0.5,True
2004-02-17 21:22:39,3.657545749437226,0.5,True
2004-02-17 21:32:39,4.132544144882775,0.5,True
2004-02-17 21:42:39,3.6669894803827097,0.5,True
2004-02-17 21:52:39,4.273472761559273,0.5,True
2004-02-17 22:02:39,3.813690277551992,0.5,True
2004-02-17 22:12:39,3.6941085727094465,0.5,True
2004-02-17 22:22:39,4.052435122541751,0.5,True
2004-02-17 22:32:39,4.156572868156071,0.5,True
2004-02-17 22:42:39,4.207897061594524,0.5,True
2004-02-17 22:52:39,4.514878332538963,0.5,True
2004-02-17 23:02:39,4.484771395082434,0.5,True
2004-02-17 23:12:39,4.280601055721792,0.5,True
2004-02-17 23:22:39,4.525104815171845,0.5,True
2004-02-17 23:32:39,3.992590369461815,0.5,True
2004-02-17 23:42:39,4.548743856231828,0.5,True
2004-02-17 23:52:39,4.582293098182527,0.5,True
2004-02-18 00:02:39,4.471606149075818,0.5,True
2004-02-18 00:12:39,4.6213574200934024,0.5,True
2004-02-18 00:22:39,4.472248430218595,0.5,True
2004-02-18 00:32:39,5.049361901940736,0.5,True
2004-02-18 00:42:39,4.736158961085258,0.5,True
2004-02-18 00:52:39,4.918250230346278,0.5,True
2004-02-18 01:02:39,5.17997458483328,0.5,True
2004-02-18 01:12:39,5.341651911741476,0.5,True
2004-02-18 01:22:39,4.903802886869381,0.5,True
2004-02-18 01:32:39,5.1858470974567625,0.5,True
2004-02-18 01:42:39,5.080617909895192,0.5,True
2004-02-18 01:52:39,4.861724313969922,0.5,True
2004-02-18 02:02:39,4.937115609668315,0.5,True
2004-02-18 02:12:39,5.076101877048947,0.5,True
2004-02-18 02:22:39,5.229161128733019,0.5,True
2004-02-18 02:32:39,5.221724815144096,0.5,True
2004-02-18 02:42:39,5.3055434584953085,0.5,True
2004-02-18 02:52:39,5.2870121305874695,0.5,True
2004-02-18 03:02:39,5.564246658913946,0.5,True
2004-02-18 03:12:39,5.740389549243483,0.5,True
2004-02-18 03:22:39,5.314908226518653,0.5,True
2004-02-18 03:32:39,5.6201091195521835,0.5,True
2004-02-18 03:42:39,9.153744850099883,0.5,True
2004-02-18 03:52:39,9.269319367206633,0.5,True
2004-02-18 04:02:39,8.907635280497622,0.5,True
2004-02-18 04:12:39,9.97452523074913,0.5,True
2004-02-18 04:22:39,9.267237914201997,0.5,True
2004-02-18 04:32:39,9.991622559568015,0.5,True
2004-02-18 04:42:39,10.507180619520208,0.5,True
2004-02-18 04:52:39,9.89542645336088,0.5,True
2004-02-18 05:02:39,10.788871090796164,0.5,True
2004-02-18 05:12:39,10.536054933435432,0.5,True
2004-02-18 05:22:39,11.17676877865351,0.5,True
2004-02-18 05:32:39,11.081913255947619,0.5,True
2004-02-18 05:42:39,12.1620684596818,0.5,True
2004-02-18 05:52:39,11.565538411919242,0.5,True
2004-02-18 06:02:39,12.34182755401504,0.5,True
2004-02-18 06:12:39,12.792621220012624,0.5,True
2004-02-18 06:22:39,12.737354607545631,0.5,True
2004-02-18 06:32:39,12.723724688600708,0.5,True
2004-02-18 06:42:39,12.757370340893535,0.5,True
2004-02-18 06:52:39,13.12496590069862,0.5,True
2004-02-18 07:02:39,13.065037070278839,0.5,True
2004-02-18 07:12:39,13.175518671097196,0.5,True
2004-02-18 07:22:39,13.382380582773134,0.5,True
2004-02-18 07:32:39,13.170122934384286,0.5,True
2004-02-18 07:42:39,12.730560041373469,0.5,True
2004-02-18 07:52:39,13.989594011636171,0.5,True
2004-02-18 08:02:39,14.496495497872077,0.5,True
2004-02-18 08:12:39,14.347419003671625,0.5,True
2004-02-18 08:22:39,14.485097160316096,0.5,True
2004-02-18 08:32:39,13.689946475901507,0.5,True
2004-02-18 08:42:39,12.906760518810659,0.5,True
2004-02-18 08:52:39,12.553012354780238,0.5,True
2004-02-18 09:02:39,12.962305905010682,0.5,True
2004-02-18 09:12:39,13.235954096441201,0.5,True
2004-02-18 09:22:39,14.060880342535663,0.5,True
2004-02-18 09:32:39,12.968420845209787,0.5,True
2004-02-18 09:42:39,12.540175078997745,0.5,True
2004-02-18 09:52:39,13.064136867000526,0.5,True
2004-02-18 10:02:39,12.51332755087812,0.5,True
2004-02-18 10:12:39,13.662192472677633,0.5,True
2004-02-18 10:22:39,13.267595306303226,0.5,True
2004-02-18 10:32:39,12.816684370706547,0.5,True
2004-02-18 10:42:39,12.644229082263848,0.5,True
2004-02-18 10:52:39,11.669099071850095,0.5,True
2004-02-18 11:02:39,11.249439297646838,0.5,True
2004-02-18 11:12:39,11.058309252082509,0.5,True
2004-02-18 11:22:39,11.107430116195726,0.5,True
2004-02-18 11:32:39,11.189645083682407,0.5,True
2004-02-18 11:42:39,11.007122633803576,0.5,True
2004-02-18 11:52:39,13.465823168220801,0.5,True
2004-02-18 12:02:39,14.090226012916984,0.5,True
2004-02-18 12:12:39,12.88395394171925,0.5,True
2004-02-18 12:22:39,12.662972539942887,0.5,True
2004-02-18 12:32:39,12.841975791742662,0.5,True
2004-02-18 12:42:39,12.054679955614288,0.5,True
2004-02-18 12:52:39,11.504016183468218,0.5,True
2004-02-18 13:02:39,11.872758744931932,0.5,True
2004-02-18 13:12:39,12.3203245406864,0.5,True
2004-02-18 13:22:39,11.66396911260622,0.5,True
2004-02-18 13:32:39,11.36689434557052,0.5,True
2004-02-18 13:42:39,11.783894241936967,0.5,True
2004-02-18 13:52:39,12.282648235168628,0.5,True
2004-02-18 14:02:39,12.421345697868297,0.5,True
2004-02-18 14:12:39,12.290420385590142,0.5,True
2004-02-18 14:22:39,12.176020074971907,0.5,True
2004-02-18 14:32:39,12.240409441784005,0.5,True
2004-02-18 14:42:39,13.491731341927158,0.5,True
2004-02-18 14:52:39,12.358001574632274,0.5,True
2004-02-18 15:02:39,10.70673031535219,0.5,True
2004-02-18 15:12:39,10.091860392235489,0.5,True
2004-02-18 15:22:39,9.623398547185747,0.5,True
2004-02-18 15:32:39,8.856199741898488,0.5,True
2004-02-18 15:42:39,8.815570473774535,0.5,True
2004-02-18 15:52:39,8.60498260062906,0.5,True
2004-02-18 16:02:39,8.188205893535462,0.5,True
2004-02-18 16:12:39,8.603969697313993,0.5,True
2004-02-18 16:22:39,8.36722263624433,0.5,True
2004-02-18 16:32:39,8.383348057582188,0.5,True
2004-02-18 16:42:39,9.588510951506542,0.5,True
2004-02-18 16:52:39,9.875312040054647,0.5,True
2004-02-18 17:02:39,12.073202012182033,0.5,True
2004-02-18 17:12:39,13.167708630932118,0.5,True
2004-02-18 17:22:39,14.985354055999865,0.5,True
2004-02-18 17:32:39,16.762864359526777,0.5,True
2004-02-18 17:42:39,17.419579153285945,0.5,True
2004-02-18 17:52:39,17.774479167377557,0.5,True
2004-02-18 18:02:39,17.659349161727274,0.5,True
2004-02-18 18:12:39,16.616187996258503,0.5,True
2004-02-18 18:22:39,15.343147260396218,0.5,True
2004-02-18 18:32:39,16.762460982566253,0.5,True
2004-02-18 18:42:39,16.893171561871924,0.5,True
2004-02-18 18:52:39,16.93462702488388,0.5,True
2004-02-18 19:02:39,19.35578206391041,0.5,True
2004-02-18 19:12:39,17.68406865204869,0.5,True
2004-02-18 19:22:39,16.619105810708348,0.5,True
2004-02-18 19:32:39,17.168893347834768,0.5,True
2004-02-18 19:42:39,16.45411422680984,0.5,True
2004-02-18 19:52:39,17.604328315367486,0.5,True
2004-02-18 20:02:39,17.129819088309386,0.5,True
2004-02-18 20:12:39,19.358820532796752,0.5,True
2004-02-18 20:22:39,19.141883238005292,0.5,True
2004-02-18 20:32:39,18.345073784950678,0.5,True
2004-02-18 20:42:39,18.30822494278843,0.5,True
2004-02-18 20:52:39,16.94722497794949,0.5,True
2004-02-18 21:02:39,15.47218514867344,0.5,True
2004-02-18 21:12:39,16.987155683103257,0.5,True
2004-02-18 21:22:39,19.133520858906714,0.5,True
2004-02-18 21:32:39,17.916510829926757,0.5,True
2004-02-18 21:42:39,19.813224606767246,0.5,True
2004-02-18 21:52:39,21.62241676396208,0.5,True
2004-02-18 22:02:39,22.920435226749362,0.5,True
2004-02-18 22:12:39,25.767509576397956,0.5,True
2004-02-18 22:22:39,31.448398461534197,0.5,True
2004-02-18 22:32:39,22.89547765432223,0.5,True
2004-02-18 22:42:39,22.887357866077657,0.5,True
2004-02-18 22:52:39,23.234545885740918,0.5,True
2004-02-18 23:02:39,18.668025307709083,0.5,True
2004-02-18 23:12:39,18.38207444057343,0.5,True
2004-02-18 23:22:39,19.799246365856142,0.5,True
2004-02-18 23:32:39,19.52318150632131,0.5,True
2004-02-18 23:42:39,24.119337244862322,0.5,True
2004-02-18 23:52:39,22.643885401986132,0.5,True
2004-02-19 00:02:39,25.957895693995148,0.5,True
2004-02-19 00:12:39,22.656280962663462,0.5,True
2004-02-19 00:22:39,19.68280458839728,0.5,True
2004-02-19 00:32:39,17.92286108373152,0.5,True
2004-02-19 00:42:39,17.932230010060884,0.5,True
2004-02-19 00:52:39,22.357243367492657,0.5,True
2004-02-19 01:02:39,27.473660429656995,0.5,True
2004-02-19 01:12:39,30.75374277438071,0.5,True
2004-02-19 01:22:39,24.699267015233286,0.5,True
2004-02-19 01:32:39,30.494099199516818,0.5,True
2004-02-19 01:42:39,24.312496602535468,0.5,True
2004-02-19 01:52:39,27.97938644364423,0.5,True
2004-02-19 02:02:39,25.57985409394823,0.5,True
2004-02-19 02:12:39,34.234339276766526,0.5,True
2004-02-19 02:22:39,24.48599018905657,0.5,True
2004-02-19 02:32:39,31.0390559399845,0.5,True
2004-02-19 02:42:39,39.07654017752982,0.5,True
2004-02-19 02:52:39,36.00159033066409,0.5,True
2004-02-19 03:02:39,31.723952562219345,0.5,True
2004-02-19 03:12:39,33.57402637938345,0.5,True
2004-02-19 03:22:39,44.13680332164702,0.5,True
2004-02-19 03:32:39,44.40373478466235,0.5,True
2004-02-19 03:42:39,55.28233834778192,0.5,True
2004-02-19 03:52:39,47.73088823026286,0.5,True
2004-02-19 04:02:39,49.09617429825537,0.5,True
2004-02-19 04:12:39,55.43817453223234,0.5,True
2004-02-19 04:22:39,61.171681913144575,0.5,True
2004-02-19 04:32:39,59.37391033357855,0.5,True
2004-02-19 04:42:39,46.50535412348493,0.5,True
2004-02-19 04:52:39,67.331870473376,0.5,True
2004-02-19 05:02:39,85.60586257322745,0.5,True
2004-02-19 05:12:39,72.15539752633639,0.5,True
2004-02-19 05:22:39,70.05490421704015,0.5,True
2004-02-19 05:32:39,62.20744612826633,0.5,True
2004-02-19 05:42:39,96.09973688119179,0.5,True
2004-02-19 05:52:39,67.27464641354514,0.5,True
2004-02-19 06:02:39,72.00519760009995,0.5,True
2004-02-19 06:12:39,26.592127009252675,0.5,True
2004-02-19 06:22:39,27.1840185417607,0.5,True
