,Anomaly,ISOF
2004-02-12 11:02:39,1.0,-0.6562845224924064
2004-02-12 11:12:39,1.0,-0.5147584085947869
2004-02-12 11:22:39,1.0,-0.667332858035829
2004-02-12 11:32:39,1.0,-0.5072108390621186
2004-02-12 11:42:39,0.0,-0.49102228457612707
2004-02-12 11:52:39,1.0,-0.5411427788287871
2004-02-12 12:02:39,1.0,-0.5671116350739269
2004-02-12 12:12:39,0.0,-0.44638347501079284
2004-02-12 12:22:39,0.0,-0.4328426426387545
2004-02-12 12:32:39,0.0,-0.43063422503560805
2004-02-12 12:42:39,0.0,-0.46867892425856933
2004-02-12 12:52:39,0.0,-0.4352307793542542
2004-02-12 13:02:39,0.0,-0.4144762210277761
2004-02-12 13:12:39,0.0,-0.4967402227704218
2004-02-12 13:22:39,1.0,-0.5070692088518146
2004-02-12 13:32:39,0.0,-0.3977814973908831
2004-02-12 13:42:39,0.0,-0.4335200377267745
2004-02-12 13:52:39,0.0,-0.4155460632883575
2004-02-12 14:02:39,1.0,-0.5282794865503575
2004-02-12 14:12:39,1.0,-0.5214522987593467
2004-02-12 14:22:39,1.0,-0.5126581446034222
2004-02-12 14:32:39,1.0,-0.5270901161486244
2004-02-12 14:42:39,0.0,-0.42880716710649236
2004-02-12 14:52:39,0.0,-0.41888174867128547
2004-02-12 15:02:39,0.0,-0.41282197514764
2004-02-12 15:12:39,0.0,-0.46298290177907936
2004-02-12 15:22:39,0.0,-0.40875701310434215
2004-02-12 15:32:39,0.0,-0.46119258474947744
2004-02-12 15:42:39,1.0,-0.5902243717536505
2004-02-12 15:52:39,0.0,-0.38120201497861006
2004-02-12 16:02:39,0.0,-0.4527119533230423
2004-02-12 16:12:39,1.0,-0.5516197869148914
2004-02-12 16:22:39,0.0,-0.3812103123013692
2004-02-12 16:32:39,0.0,-0.43480386471822424
2004-02-12 16:42:39,0.0,-0.49479836148654327
2004-02-12 16:52:39,0.0,-0.4260842970705735
2004-02-12 17:02:39,0.0,-0.46431559964398195
2004-02-12 17:12:39,0.0,-0.4617539154605441
2004-02-12 17:22:39,0.0,-0.39631970166952535
2004-02-12 17:32:39,0.0,-0.3944161136850944
2004-02-12 17:42:39,0.0,-0.4108012268938184
2004-02-12 17:52:39,0.0,-0.43558714413215627
2004-02-12 18:02:39,0.0,-0.4187705989201676
2004-02-12 18:12:39,0.0,-0.44615197060276446
2004-02-12 18:22:39,0.0,-0.45653020779730336
2004-02-12 18:32:39,0.0,-0.41661328982831897
2004-02-12 18:42:39,0.0,-0.39966102790876723
2004-02-12 18:52:39,0.0,-0.4200278450147453
2004-02-12 19:02:39,0.0,-0.41012201749961746
2004-02-12 19:12:39,0.0,-0.42617378249264576
2004-02-12 19:22:39,1.0,-0.5433667869898546
2004-02-12 19:32:39,0.0,-0.42833448795676227
2004-02-12 19:42:39,0.0,-0.4107230362912159
2004-02-12 19:52:39,0.0,-0.37661993842028724
2004-02-12 20:02:39,0.0,-0.4428896347523228
2004-02-12 20:12:39,1.0,-0.5014852674211584
2004-02-12 20:22:39,1.0,-0.5550107912260966
2004-02-12 20:32:39,0.0,-0.41448622254663847
2004-02-12 20:42:39,0.0,-0.4320584355366636
2004-02-12 20:52:39,1.0,-0.5025059534978921
2004-02-12 21:02:39,0.0,-0.4118496174856264
2004-02-12 21:12:39,0.0,-0.395579328086956
2004-02-12 21:22:39,0.0,-0.3851601380664267
2004-02-12 21:32:39,0.0,-0.4106731916129338
2004-02-12 21:42:39,0.0,-0.39771740523196364
2004-02-12 21:52:39,0.0,-0.46221895123615214
2004-02-12 22:02:39,0.0,-0.38773864324856266
2004-02-12 22:12:39,0.0,-0.4644159932483123
2004-02-12 22:22:39,0.0,-0.45302089585491223
2004-02-12 22:32:39,0.0,-0.4422226264016304
2004-02-12 22:42:39,1.0,-0.5574161324838725
2004-02-12 22:52:39,0.0,-0.46341910322977586
2004-02-12 23:02:39,0.0,-0.4030915723733904
2004-02-12 23:12:39,0.0,-0.43693302867972655
2004-02-12 23:22:39,0.0,-0.3951575111482387
2004-02-12 23:32:39,0.0,-0.4189212164005888
2004-02-12 23:42:39,0.0,-0.4435610149764256
2004-02-12 23:52:39,0.0,-0.44365503934359224
2004-02-13 00:02:39,0.0,-0.4837420984332614
2004-02-13 00:12:39,0.0,-0.37448339983156503
2004-02-13 00:22:39,0.0,-0.44963601397962977
2004-02-13 00:32:39,0.0,-0.4689313373166868
2004-02-13 00:42:39,0.0,-0.4077710595713327
2004-02-13 00:52:39,0.0,-0.41210664276469977
2004-02-13 01:02:39,1.0,-0.5510356336549562
2004-02-13 01:12:39,0.0,-0.4254499105497013
2004-02-13 01:22:39,0.0,-0.40930763135079795
2004-02-13 01:32:39,0.0,-0.452145411278156
2004-02-13 01:42:39,0.0,-0.40645149456581564
2004-02-13 01:52:39,0.0,-0.4175409658412308
2004-02-13 02:02:39,0.0,-0.4445358307175523
2004-02-13 02:12:39,0.0,-0.386269547193191
2004-02-13 02:22:39,0.0,-0.38176110292981646
2004-02-13 02:32:39,0.0,-0.392283394768163
2004-02-13 02:42:39,0.0,-0.42067009704781755
2004-02-13 02:52:39,0.0,-0.4452509065227279
2004-02-13 03:02:39,0.0,-0.420609116197891
2004-02-13 03:12:39,0.0,-0.38119556890131223
2004-02-13 03:22:39,0.0,-0.39681376817460784
2004-02-13 03:32:39,0.0,-0.39210723742835435
2004-02-13 03:42:39,0.0,-0.4639408056015125
2004-02-13 03:52:39,0.0,-0.39118122676605166
2004-02-13 04:02:39,0.0,-0.4242389903986041
2004-02-13 04:12:39,0.0,-0.3820327886627356
2004-02-13 04:22:39,0.0,-0.4330942592604798
2004-02-13 04:32:39,0.0,-0.39685818675424
2004-02-13 04:42:39,0.0,-0.4448874203999553
2004-02-13 04:52:39,0.0,-0.39424264399615977
2004-02-13 05:02:39,0.0,-0.4519317326727697
2004-02-13 05:12:39,0.0,-0.46352759840001684
2004-02-13 05:22:39,0.0,-0.3996517603308593
2004-02-13 05:32:39,0.0,-0.43837514668014366
2004-02-13 05:42:39,0.0,-0.4594187071371194
2004-02-13 05:52:39,0.0,-0.43171866860574165
2004-02-13 06:02:39,0.0,-0.389194689509181
2004-02-13 06:12:39,0.0,-0.48021212725130874
2004-02-13 06:22:39,0.0,-0.3801856846756654
2004-02-13 06:32:39,0.0,-0.41030971871551486
2004-02-13 06:42:39,0.0,-0.451251021400285
2004-02-13 06:52:39,0.0,-0.39227515671608554
2004-02-13 07:02:39,0.0,-0.44195840177091394
2004-02-13 07:12:39,0.0,-0.46681247732240283
2004-02-13 07:22:39,0.0,-0.46827143660559045
2004-02-13 07:32:39,0.0,-0.44856261391862334
2004-02-13 07:42:39,0.0,-0.39654079723049646
2004-02-13 07:52:39,0.0,-0.39404288587351854
2004-02-13 08:02:39,0.0,-0.4476223761342481
2004-02-13 08:12:39,0.0,-0.42635406429153283
2004-02-13 08:22:39,0.0,-0.4309508911265378
2004-02-13 08:32:39,0.0,-0.4055681847721001
2004-02-13 08:42:39,0.0,-0.44565225109147105
2004-02-13 08:52:39,0.0,-0.3811653882588311
2004-02-13 09:02:39,0.0,-0.4088109485150257
2004-02-13 09:12:39,0.0,-0.419890450560188
2004-02-13 09:22:39,0.0,-0.3979437381651986
2004-02-13 09:32:39,0.0,-0.4383626148251499
2004-02-13 09:42:39,1.0,-0.5718398954758562
2004-02-13 09:52:39,0.0,-0.4106474750843111
2004-02-13 10:02:39,0.0,-0.37919655022532345
2004-02-13 10:12:39,0.0,-0.3967622023367229
2004-02-13 10:22:39,0.0,-0.4191139409606288
2004-02-13 10:32:39,0.0,-0.4268280085726701
2004-02-13 10:42:39,1.0,-0.5353907358769724
2004-02-13 10:52:39,0.0,-0.39854251189515244
2004-02-13 11:02:39,1.0,-0.5091716240755053
2004-02-13 11:12:39,0.0,-0.4182640019492583
2004-02-13 11:22:39,0.0,-0.3994015121778652
2004-02-13 11:32:39,0.0,-0.48155789991828934
2004-02-13 11:42:39,0.0,-0.4237486339344754
2004-02-13 11:52:39,0.0,-0.3988327076287185
2004-02-13 12:02:39,0.0,-0.4469888842593512
2004-02-13 12:12:39,0.0,-0.39486046102801736
2004-02-13 12:22:39,0.0,-0.4450735706193571
2004-02-13 12:32:39,0.0,-0.43421062019237305
2004-02-13 12:42:39,0.0,-0.4830751993255569
2004-02-13 12:52:39,0.0,-0.4212062446746333
2004-02-13 13:02:39,0.0,-0.38232522785319967
2004-02-13 13:12:39,0.0,-0.41255681539133543
2004-02-13 13:22:39,0.0,-0.4487190101178104
2004-02-13 13:32:39,0.0,-0.4112265855833217
2004-02-13 13:42:39,0.0,-0.3934074974714192
2004-02-13 13:52:39,0.0,-0.4663511141679131
2004-02-13 14:02:39,0.0,-0.48216007282827633
2004-02-13 14:12:39,0.0,-0.3729349742617002
2004-02-13 14:22:39,0.0,-0.37669824416857567
2004-02-13 14:32:39,0.0,-0.3988417275401703
2004-02-13 14:42:39,0.0,-0.48438398671325444
2004-02-13 14:52:39,0.0,-0.46089992243405636
2004-02-13 15:02:39,0.0,-0.429480074009939
2004-02-13 15:12:39,0.0,-0.42630191321689903
2004-02-13 15:22:39,0.0,-0.48168093331513956
2004-02-13 15:32:39,0.0,-0.42646854684216157
2004-02-13 15:42:39,0.0,-0.4328628835823877
2004-02-13 15:52:39,0.0,-0.42071554215444457
2004-02-13 16:02:39,0.0,-0.41958555858499375
2004-02-13 16:12:39,0.0,-0.4619077716534081
2004-02-13 16:22:39,0.0,-0.49966210922253324
2004-02-13 16:32:39,0.0,-0.4277916257860404
2004-02-13 16:42:39,0.0,-0.3859911577329195
2004-02-13 16:52:39,1.0,-0.5031509442916575
2004-02-13 17:02:39,0.0,-0.38506674117504797
2004-02-13 17:12:39,0.0,-0.4189243756724065
2004-02-13 17:22:39,0.0,-0.40108494204564754
2004-02-13 17:32:39,0.0,-0.39563865730541464
2004-02-13 17:42:39,1.0,-0.58549546915083
2004-02-13 17:52:39,0.0,-0.4851342293691754
2004-02-13 18:02:39,0.0,-0.4092665973022449
2004-02-13 18:12:39,1.0,-0.517668578398994
2004-02-13 18:22:39,0.0,-0.4282373724021735
2004-02-13 18:32:39,0.0,-0.46117067717879834
2004-02-13 18:42:39,0.0,-0.4600800018075658
2004-02-13 18:52:39,0.0,-0.4074243453502577
2004-02-13 19:02:39,0.0,-0.41561493945371214
2004-02-13 19:12:39,0.0,-0.46109626891149263
2004-02-13 19:22:39,1.0,-0.6144143624618144
2004-02-13 19:32:39,0.0,-0.3932504067549434
2004-02-13 19:42:39,0.0,-0.40898081245397483
2004-02-13 19:52:39,0.0,-0.4297674801583527
2004-02-13 20:02:39,0.0,-0.39972473163620476
2004-02-13 20:12:39,0.0,-0.4337869925788969
2004-02-13 20:22:39,0.0,-0.39009163917544637
2004-02-13 20:32:39,0.0,-0.47335555835273624
2004-02-13 20:42:39,0.0,-0.4383108594053862
2004-02-13 20:52:39,0.0,-0.43200881584705625
2004-02-13 21:02:39,0.0,-0.4344372573828396
2004-02-13 21:12:39,0.0,-0.49234893809720814
2004-02-13 21:22:39,1.0,-0.6047871130495128
2004-02-13 21:32:39,1.0,-0.5396851131036662
2004-02-13 21:42:39,0.0,-0.42642102978638485
2004-02-13 21:52:39,0.0,-0.37658986251762944
2004-02-13 22:02:39,0.0,-0.4931242837460449
2004-02-13 22:12:39,0.0,-0.4248787592335722
2004-02-13 22:22:39,0.0,-0.42834305830279834
2004-02-13 22:32:39,0.0,-0.4608817703741128
2004-02-13 22:42:39,0.0,-0.38073727545559444
2004-02-13 22:52:39,0.0,-0.4478398880163562
2004-02-13 23:02:39,0.0,-0.42177780724969716
2004-02-13 23:12:39,0.0,-0.47570908658116107
2004-02-13 23:22:39,0.0,-0.4113987336778228
2004-02-13 23:32:39,0.0,-0.421270369882332
2004-02-13 23:42:39,0.0,-0.43374551719264387
2004-02-13 23:52:39,0.0,-0.48219593285896317
2004-02-13 23:52:39,0.0,-0.48219593285896317
2004-02-14 00:02:39,0.0,-0.45138438235996453
2004-02-14 00:12:39,0.0,-0.4220613669678239
2004-02-14 00:22:39,0.0,-0.44785623126712565
2004-02-14 00:32:39,0.0,-0.4450288724405872
2004-02-14 00:42:39,0.0,-0.40168086380675466
2004-02-14 00:52:39,1.0,-0.5143645682012082
2004-02-14 01:02:39,1.0,-0.5326196106118093
2004-02-14 01:12:39,1.0,-0.5072744335991956
2004-02-14 01:22:39,1.0,-0.5455896276821194
2004-02-14 01:32:39,0.0,-0.4869067478484748
2004-02-14 01:42:39,0.0,-0.4841713514000963
2004-02-14 01:52:39,0.0,-0.4293718479756173
2004-02-14 02:02:39,0.0,-0.4431020708141225
2004-02-14 02:12:39,0.0,-0.4396191593726429
2004-02-14 02:22:39,0.0,-0.425639691109193
2004-02-14 02:32:39,0.0,-0.4742730015490388
2004-02-14 02:42:39,1.0,-0.5267363091571483
2004-02-14 02:52:39,0.0,-0.4836545740762967
2004-02-14 03:02:39,1.0,-0.6058390255404978
2004-02-14 03:12:39,0.0,-0.43731601291596395
2004-02-14 03:22:39,0.0,-0.3919376198145378
2004-02-14 03:32:39,0.0,-0.458612858821874
2004-02-14 03:42:39,0.0,-0.4684431550666102
2004-02-14 03:52:39,0.0,-0.47484384015521575
2004-02-14 04:02:39,0.0,-0.4477520595017973
2004-02-14 04:12:39,1.0,-0.5020844608582327
2004-02-14 04:22:39,0.0,-0.4595445630738498
2004-02-14 04:32:39,0.0,-0.4206711530915367
2004-02-14 04:42:39,0.0,-0.41058552401170495
2004-02-14 04:52:39,0.0,-0.4117704522623018
2004-02-14 05:02:39,0.0,-0.4133695244660517
2004-02-14 05:12:39,0.0,-0.41672249795118205
2004-02-14 05:22:39,0.0,-0.4549454808279697
2004-02-14 05:32:39,1.0,-0.5435992609986402
2004-02-14 05:42:39,0.0,-0.42677050897461843
2004-02-14 05:52:39,0.0,-0.4215811199440807
2004-02-14 06:02:39,0.0,-0.42806256327302705
2004-02-14 06:12:39,0.0,-0.4507632765824133
2004-02-14 06:22:39,1.0,-0.5434643574929593
2004-02-14 06:32:39,0.0,-0.41672747947854066
2004-02-14 06:42:39,1.0,-0.5108260255131468
2004-02-14 06:52:39,0.0,-0.4866034783263777
2004-02-14 07:02:39,0.0,-0.4244951398657498
2004-02-14 07:12:39,0.0,-0.41544444285822985
2004-02-14 07:22:39,0.0,-0.4050037264824155
2004-02-14 07:32:39,0.0,-0.4642339991562608
2004-02-14 07:42:39,0.0,-0.4712151078767962
2004-02-14 07:52:39,1.0,-0.5380382433443586
2004-02-14 08:02:39,0.0,-0.4252907064467735
2004-02-14 08:12:39,0.0,-0.43041495340463787
2004-02-14 08:22:39,0.0,-0.46491456352263666
2004-02-14 08:32:39,0.0,-0.4723650474391568
2004-02-14 08:42:39,1.0,-0.5153215283311111
2004-02-14 08:52:39,1.0,-0.5360759542395
2004-02-14 09:02:39,1.0,-0.5528164112212548
2004-02-14 09:12:39,0.0,-0.45802335216753637
2004-02-14 09:22:39,1.0,-0.5096230420090851
2004-02-14 09:32:39,1.0,-0.5512846944745463
2004-02-14 09:42:39,0.0,-0.4749667207241173
2004-02-14 09:52:39,0.0,-0.4660545697020658
2004-02-14 10:02:39,1.0,-0.5754538275681389
2004-02-14 10:12:39,0.0,-0.43396766048236374
2004-02-14 10:22:39,1.0,-0.5427387504941836
2004-02-14 10:32:39,0.0,-0.3971553557800312
2004-02-14 10:42:39,1.0,-0.546491263436638
2004-02-14 10:52:39,0.0,-0.4723568814628693
2004-02-14 11:02:39,1.0,-0.5257935324092309
2004-02-14 11:12:39,0.0,-0.4711914932382938
2004-02-14 11:22:39,1.0,-0.5729079423778436
2004-02-14 11:32:39,0.0,-0.4529838516573568
2004-02-14 11:42:39,1.0,-0.5075643193328657
2004-02-14 11:52:39,1.0,-0.5315506939389024
2004-02-14 12:02:39,0.0,-0.3957737882587225
2004-02-14 12:12:39,0.0,-0.46775869745399407
2004-02-14 12:22:39,0.0,-0.43511670439073546
2004-02-14 12:32:39,0.0,-0.49045691205079617
2004-02-14 12:42:39,0.0,-0.45274497161500454
2004-02-14 12:52:39,1.0,-0.5248192923881667
2004-02-14 13:02:39,0.0,-0.44124022169020294
2004-02-14 13:12:39,1.0,-0.5252994776658035
2004-02-14 13:22:39,1.0,-0.5793375561576419
2004-02-14 13:32:39,1.0,-0.5552484527246369
2004-02-14 13:42:39,0.0,-0.42649395730466644
2004-02-14 13:52:39,1.0,-0.5679646597247449
2004-02-14 14:02:39,1.0,-0.5682377375465142
2004-02-14 14:12:39,0.0,-0.3969680300010312
2004-02-14 14:22:39,0.0,-0.4527835444784429
2004-02-14 14:32:39,1.0,-0.5772573343168524
2004-02-14 14:42:39,1.0,-0.5641792827608054
2004-02-14 14:52:39,0.0,-0.4546469933636035
2004-02-14 15:02:39,1.0,-0.5316491174102396
2004-02-14 15:12:39,1.0,-0.5192618579893075
2004-02-14 15:22:39,1.0,-0.5212776110380741
2004-02-14 15:32:39,0.0,-0.46475162458146474
2004-02-14 15:42:39,1.0,-0.5577953497861214
2004-02-14 15:52:39,0.0,-0.474015178488808
2004-02-14 16:02:39,1.0,-0.575706022701601
2004-02-14 16:12:39,1.0,-0.5007475090589035
2004-02-14 16:22:39,1.0,-0.5359648100380108
2004-02-14 16:32:39,0.0,-0.43991886090671056
2004-02-14 16:42:39,0.0,-0.45076000775555614
2004-02-14 16:52:39,0.0,-0.49415071319402815
2004-02-14 17:02:39,1.0,-0.546777599511131
2004-02-14 17:12:39,0.0,-0.41619286883533796
2004-02-14 17:22:39,1.0,-0.501650923745563
2004-02-14 17:32:39,1.0,-0.5213698096183953
2004-02-14 17:42:39,0.0,-0.4244090453478787
2004-02-14 17:52:39,1.0,-0.6028400734775738
2004-02-14 18:02:39,1.0,-0.5860522225310366
2004-02-14 18:12:39,1.0,-0.5091453524242241
2004-02-14 18:22:39,1.0,-0.5104156532615686
2004-02-14 18:32:39,1.0,-0.5211949869799993
2004-02-14 18:42:39,0.0,-0.49305142035484384
2004-02-14 18:52:39,0.0,-0.46596282750395046
2004-02-14 19:02:39,1.0,-0.5078477447226061
2004-02-14 19:12:39,1.0,-0.515988700554163
2004-02-14 19:22:39,1.0,-0.5372471339647691
2004-02-14 19:32:39,1.0,-0.5231174516828097
2004-02-14 19:42:39,0.0,-0.46510148884973557
2004-02-14 19:52:39,1.0,-0.5915465294638079
2004-02-14 20:02:39,0.0,-0.48998433657029067
2004-02-14 20:12:39,0.0,-0.4417331837555412
2004-02-14 20:22:39,1.0,-0.552081739980811
2004-02-14 20:32:39,1.0,-0.6126691898592342
2004-02-14 20:42:39,1.0,-0.6092187073969015
2004-02-14 20:52:39,1.0,-0.6580319742626638
2004-02-14 21:02:39,1.0,-0.5337832017963355
2004-02-14 21:12:39,0.0,-0.4193732254529992
2004-02-14 21:22:39,1.0,-0.501462683918298
2004-02-14 21:32:39,1.0,-0.5002007910426068
2004-02-14 21:42:39,1.0,-0.5403779234629241
2004-02-14 21:52:39,0.0,-0.45688121569976936
2004-02-14 22:02:39,0.0,-0.467228377005859
2004-02-14 22:12:39,0.0,-0.46274583657892776
2004-02-14 22:22:39,1.0,-0.50937063862042
2004-02-14 22:32:39,0.0,-0.4727674790350076
2004-02-14 22:42:39,1.0,-0.633063468827825
2004-02-14 22:52:39,1.0,-0.5599527996465441
2004-02-14 23:02:39,1.0,-0.5188744312455447
2004-02-14 23:12:39,0.0,-0.4729287363213794
2004-02-14 23:22:39,0.0,-0.40816926400041303
2004-02-14 23:32:39,1.0,-0.5225793680334841
2004-02-14 23:42:39,0.0,-0.4009356427101393
2004-02-14 23:52:39,1.0,-0.5779669063189765
2004-02-15 00:02:39,1.0,-0.5743283868597586
2004-02-15 00:12:39,1.0,-0.5426963421014543
2004-02-15 00:22:39,1.0,-0.587010816277786
2004-02-15 00:32:39,1.0,-0.5710091820624144
2004-02-15 00:42:39,1.0,-0.5603491668537501
2004-02-15 00:52:39,1.0,-0.5490521544098376
2004-02-15 01:02:39,0.0,-0.43691969772461553
2004-02-15 01:12:39,1.0,-0.5924182664490755
2004-02-15 01:22:39,1.0,-0.5864128798646586
2004-02-15 01:32:39,1.0,-0.6193808114632781
2004-02-15 01:42:39,1.0,-0.5551075027324357
2004-02-15 01:52:39,1.0,-0.5852617057134751
2004-02-15 02:02:39,0.0,-0.42500265663047687
2004-02-15 02:12:39,1.0,-0.5632158289223758
2004-02-15 02:22:39,0.0,-0.47137650603980896
2004-02-15 02:32:39,1.0,-0.5840615357962853
2004-02-15 02:42:39,0.0,-0.4307334794327506
2004-02-15 02:52:39,1.0,-0.5336891308653072
2004-02-15 03:02:39,1.0,-0.6410426062722152
2004-02-15 03:12:39,1.0,-0.5179094765218133
2004-02-15 03:22:39,1.0,-0.553126397418622
2004-02-15 03:32:39,1.0,-0.5278134004366448
2004-02-15 03:42:39,1.0,-0.552218976346095
2004-02-15 03:52:39,0.0,-0.41604675374579386
2004-02-15 04:02:39,1.0,-0.5464228568191245
2004-02-15 04:12:39,0.0,-0.4892891469413113
2004-02-15 04:22:39,1.0,-0.5090212607680957
2004-02-15 04:32:39,0.0,-0.4231025534056354
2004-02-15 04:42:39,1.0,-0.5885655990219903
2004-02-15 04:52:39,1.0,-0.6703097804228595
2004-02-15 05:02:39,0.0,-0.49230570544854135
2004-02-15 05:12:39,0.0,-0.4924875916456231
2004-02-15 05:22:39,1.0,-0.6329194071215074
2004-02-15 05:32:39,0.0,-0.47109215803064225
2004-02-15 05:42:39,1.0,-0.6643731667983835
2004-02-15 05:52:39,1.0,-0.6006294179631626
2004-02-15 06:02:39,1.0,-0.5395672193059139
2004-02-15 06:12:39,1.0,-0.519707055042716
2004-02-15 06:22:39,1.0,-0.6136588168012055
2004-02-15 06:32:39,1.0,-0.5357837924584955
2004-02-15 06:42:39,1.0,-0.5992603638741122
2004-02-15 06:52:39,1.0,-0.5682506838737347
2004-02-15 07:02:39,0.0,-0.45640037773636916
2004-02-15 07:12:39,1.0,-0.5467843097271844
2004-02-15 07:22:39,1.0,-0.627848737902879
2004-02-15 07:32:39,0.0,-0.4797743524409062
2004-02-15 07:42:39,1.0,-0.50999607664115
2004-02-15 07:52:39,1.0,-0.5476744003878348
2004-02-15 08:02:39,1.0,-0.5970582296908092
2004-02-15 08:12:39,1.0,-0.580473747428642
2004-02-15 08:22:39,1.0,-0.6263372232394546
2004-02-15 08:32:39,0.0,-0.46946188332114597
2004-02-15 08:42:39,0.0,-0.49830006881021405
2004-02-15 08:52:39,1.0,-0.5386556506280263
2004-02-15 09:02:39,0.0,-0.4341113736382608
2004-02-15 09:12:39,1.0,-0.5673465431442957
2004-02-15 09:22:39,0.0,-0.4353027107583874
2004-02-15 09:32:39,1.0,-0.5659680174727952
2004-02-15 09:42:39,1.0,-0.5407194777022857
2004-02-15 09:52:39,1.0,-0.6395166233050786
2004-02-15 10:02:39,0.0,-0.4280451710111824
2004-02-15 10:12:39,1.0,-0.5780710629559274
2004-02-15 10:22:39,1.0,-0.5770664719073975
2004-02-15 10:32:39,1.0,-0.535387576401464
2004-02-15 10:42:39,1.0,-0.618386600400548
2004-02-15 10:52:39,1.0,-0.5189187830922891
2004-02-15 11:02:39,1.0,-0.5381806196940311
2004-02-15 11:12:39,1.0,-0.5784092081258717
2004-02-15 11:22:39,1.0,-0.578041856909997
2004-02-15 11:32:39,1.0,-0.5328541072755986
2004-02-15 11:42:39,1.0,-0.6094265164907356
2004-02-15 11:52:39,0.0,-0.4813289965626788
2004-02-15 12:02:39,1.0,-0.6005101477403225
2004-02-15 12:12:39,1.0,-0.5909282672414502
2004-02-15 12:22:39,0.0,-0.44594675636366415
2004-02-15 12:32:39,1.0,-0.6066263009722983
2004-02-15 12:42:39,1.0,-0.5035805971077663
2004-02-15 12:52:39,1.0,-0.5806452485384492
2004-02-15 13:02:39,1.0,-0.5938656443650293
2004-02-15 13:12:39,1.0,-0.5772959287891709
2004-02-15 13:22:39,1.0,-0.5247885576316709
2004-02-15 13:32:39,0.0,-0.46564644195013943
2004-02-15 13:42:39,1.0,-0.5111865276057604
2004-02-15 13:52:39,1.0,-0.5175161949842652
2004-02-15 14:02:39,1.0,-0.5304427714847079
2004-02-15 14:12:39,1.0,-0.5590207333808531
2004-02-15 14:22:39,1.0,-0.623333135604459
2004-02-15 14:32:39,1.0,-0.6020795597372545
2004-02-15 14:42:39,1.0,-0.5477958432028119
2004-02-15 14:52:39,1.0,-0.5682700828722622
2004-02-15 15:02:39,1.0,-0.591210155595099
2004-02-15 15:12:39,1.0,-0.5275548774284727
2004-02-15 15:22:39,1.0,-0.5244012598223967
2004-02-15 15:32:39,0.0,-0.40659128882723133
2004-02-15 15:42:39,1.0,-0.5791704706375623
2004-02-15 15:52:39,1.0,-0.581230078596428
2004-02-15 16:02:39,1.0,-0.6150164771882365
2004-02-15 16:12:39,0.0,-0.4847323888501431
2004-02-15 16:22:39,1.0,-0.5605933974127129
2004-02-15 16:32:39,1.0,-0.5238238681446943
2004-02-15 16:42:39,1.0,-0.6568510652774132
2004-02-15 16:52:39,0.0,-0.45720609289934144
2004-02-15 17:02:39,1.0,-0.5628540975631251
2004-02-15 17:12:39,1.0,-0.6061100440525027
2004-02-15 17:22:39,1.0,-0.6132232186549579
2004-02-15 17:32:39,1.0,-0.5654777732147829
2004-02-15 17:42:39,1.0,-0.57090915651281
2004-02-15 17:52:39,1.0,-0.5137513309612963
2004-02-15 18:02:39,1.0,-0.611441734015105
2004-02-15 18:12:39,1.0,-0.5431058321709441
2004-02-15 18:22:39,1.0,-0.5252836696433155
2004-02-15 18:32:39,1.0,-0.6038619400241195
2004-02-15 18:42:39,1.0,-0.5303461531485427
2004-02-15 18:52:39,1.0,-0.5361769256941384
2004-02-15 19:02:39,1.0,-0.6024683892652426
2004-02-15 19:12:39,1.0,-0.5477987386776996
2004-02-15 19:22:39,1.0,-0.531192468691205
2004-02-15 19:32:39,1.0,-0.5843457071821767
2004-02-15 19:42:39,1.0,-0.590846365989685
2004-02-15 19:52:39,1.0,-0.502134464697196
2004-02-15 20:02:39,1.0,-0.6400403954429635
2004-02-15 20:12:39,1.0,-0.6731742749550421
2004-02-15 20:22:39,1.0,-0.6180261588809056
2004-02-15 20:32:39,1.0,-0.6187217029839052
2004-02-15 20:42:39,1.0,-0.61608164491459
2004-02-15 20:52:39,1.0,-0.6159788613022396
2004-02-15 21:02:39,1.0,-0.6264146609514587
2004-02-15 21:12:39,1.0,-0.5851866184748225
2004-02-15 21:22:39,1.0,-0.5764724867610387
2004-02-15 21:32:39,1.0,-0.5012899744917848
2004-02-15 21:42:39,1.0,-0.5630140397701031
2004-02-15 21:52:39,1.0,-0.6211748139929748
2004-02-15 22:02:39,1.0,-0.5985752178619648
2004-02-15 22:12:39,1.0,-0.5761953499515671
2004-02-15 22:22:39,0.0,-0.4633079763021846
2004-02-15 22:32:39,1.0,-0.5819686353349013
2004-02-15 22:42:39,0.0,-0.4900574929237502
2004-02-15 22:52:39,1.0,-0.6200332076411292
2004-02-15 23:02:39,1.0,-0.5099330868454318
2004-02-15 23:12:39,1.0,-0.5941284771231042
2004-02-15 23:22:39,1.0,-0.5154303343028093
2004-02-15 23:32:39,1.0,-0.5587589298528114
2004-02-15 23:42:39,1.0,-0.5672048264047416
2004-02-15 23:52:39,1.0,-0.604461449409573
2004-02-16 00:02:39,1.0,-0.5331691714494889
2004-02-16 00:12:39,1.0,-0.6202427171751124
2004-02-16 00:22:39,1.0,-0.5424522048849348
2004-02-16 00:32:39,1.0,-0.6176981979006138
2004-02-16 00:42:39,1.0,-0.514801156446068
2004-02-16 00:52:39,1.0,-0.5997952569865533
2004-02-16 01:02:39,1.0,-0.5939652004177554
2004-02-16 01:12:39,1.0,-0.5800570471942258
2004-02-16 01:22:39,1.0,-0.6072564215220148
2004-02-16 01:32:39,1.0,-0.6106364609241622
2004-02-16 01:42:39,1.0,-0.5848496404489607
2004-02-16 01:52:39,1.0,-0.6457319685317817
2004-02-16 02:02:39,1.0,-0.6358725466933047
2004-02-16 02:12:39,1.0,-0.5667277528448189
2004-02-16 02:22:39,1.0,-0.607456695673883
2004-02-16 02:32:39,1.0,-0.5598414608217186
2004-02-16 02:42:39,1.0,-0.5819793679264154
2004-02-16 02:52:39,1.0,-0.5631267167227777
2004-02-16 03:02:39,1.0,-0.5923875044813393
2004-02-16 03:12:39,1.0,-0.646278125733195
2004-02-16 03:22:39,1.0,-0.5928711307263409
2004-02-16 03:32:39,1.0,-0.6776168137078484
2004-02-16 03:42:39,1.0,-0.7020156822436735
2004-02-16 03:52:39,1.0,-0.6684074515414686
2004-02-16 04:02:39,1.0,-0.6809708055725692
2004-02-16 04:12:39,1.0,-0.6748373523541001
2004-02-16 04:22:39,1.0,-0.680548133711208
2004-02-16 04:32:39,1.0,-0.6471921555601592
2004-02-16 04:42:39,1.0,-0.6631905690051954
2004-02-16 04:52:39,1.0,-0.6422723608295006
2004-02-16 05:02:39,1.0,-0.6587554230395228
2004-02-16 05:12:39,1.0,-0.6867170520521596
2004-02-16 05:22:39,1.0,-0.6833516825845538
2004-02-16 05:32:39,1.0,-0.6883196647997178
2004-02-16 05:42:39,1.0,-0.6362884626490444
2004-02-16 05:52:39,1.0,-0.6682739320400205
2004-02-16 06:02:39,1.0,-0.5960358830625042
2004-02-16 06:12:39,1.0,-0.6908575855201786
2004-02-16 06:22:39,1.0,-0.600464826977744
2004-02-16 06:32:39,1.0,-0.719107372054592
2004-02-16 06:42:39,1.0,-0.6523841660285905
2004-02-16 06:52:39,1.0,-0.6019179132420084
2004-02-16 07:02:39,1.0,-0.6917809257099277
2004-02-16 07:12:39,1.0,-0.6988633055814617
2004-02-16 07:22:39,1.0,-0.6721627705771877
2004-02-16 07:32:39,1.0,-0.7029432136826579
2004-02-16 07:42:39,1.0,-0.6323322167250456
2004-02-16 07:52:39,1.0,-0.6690868428723644
2004-02-16 08:02:39,1.0,-0.6520370600254457
2004-02-16 08:12:39,1.0,-0.6740427880496359
2004-02-16 08:22:39,1.0,-0.6315896015977756
2004-02-16 08:32:39,1.0,-0.6602974307475946
2004-02-16 08:42:39,1.0,-0.6428714860012478
2004-02-16 08:52:39,1.0,-0.6265811376665743
2004-02-16 09:02:39,1.0,-0.6825358389036211
2004-02-16 09:12:39,1.0,-0.694192334052409
2004-02-16 09:22:39,1.0,-0.6255586520597884
2004-02-16 09:32:39,1.0,-0.6440096314770819
2004-02-16 09:42:39,1.0,-0.6178828313523832
2004-02-16 09:52:39,1.0,-0.6728575280086663
2004-02-16 10:02:39,1.0,-0.6331220651415106
2004-02-16 10:12:39,1.0,-0.6775190175217909
2004-02-16 10:22:39,1.0,-0.5466439282901718
2004-02-16 10:32:39,1.0,-0.6335553791632943
2004-02-16 10:42:39,1.0,-0.6783595503849574
2004-02-16 10:52:39,1.0,-0.6842328452246855
2004-02-16 11:02:39,1.0,-0.7074863738784222
2004-02-16 11:12:39,1.0,-0.6661049669721376
2004-02-16 11:22:39,1.0,-0.6413150421051873
2004-02-16 11:32:39,1.0,-0.6977434134063221
2004-02-16 11:42:39,1.0,-0.6523460214938765
2004-02-16 11:52:39,1.0,-0.6780064431041246
2004-02-16 12:02:39,1.0,-0.6887415224584614
2004-02-16 12:12:39,1.0,-0.6689175087852766
2004-02-16 12:22:39,1.0,-0.7141651192029157
2004-02-16 12:32:39,1.0,-0.6785763987478829
2004-02-16 12:42:39,1.0,-0.6818818005230496
2004-02-16 12:52:39,1.0,-0.7012261870949231
2004-02-16 13:02:39,1.0,-0.68709595868802
2004-02-16 13:12:39,1.0,-0.6290628924818399
2004-02-16 13:22:39,1.0,-0.6858883429451014
2004-02-16 13:32:39,1.0,-0.6321603088174754
2004-02-16 13:42:39,1.0,-0.6984049896996052
2004-02-16 13:52:39,1.0,-0.6284887767253838
2004-02-16 14:02:39,1.0,-0.5670702211933408
2004-02-16 14:12:39,1.0,-0.5836846271677338
2004-02-16 14:22:39,1.0,-0.6329067345208523
2004-02-16 14:32:39,1.0,-0.6561567708580961
2004-02-16 14:42:39,1.0,-0.6731425725015098
2004-02-16 14:52:39,1.0,-0.6739652159682217
2004-02-16 15:02:39,1.0,-0.6175432464820864
2004-02-16 15:12:39,1.0,-0.685256639813314
2004-02-16 15:22:39,1.0,-0.5624397617464081
2004-02-16 15:32:39,1.0,-0.6733239603728968
2004-02-16 15:42:39,1.0,-0.6133602253420537
2004-02-16 15:52:39,1.0,-0.5879387209434314
2004-02-16 16:02:39,1.0,-0.6144119284015737
2004-02-16 16:12:39,1.0,-0.684164421823032
2004-02-16 16:22:39,1.0,-0.6248375354033967
2004-02-16 16:32:39,1.0,-0.6718536900383679
2004-02-16 16:42:39,1.0,-0.6698528139398247
2004-02-16 16:52:39,1.0,-0.6680649118360453
2004-02-16 17:02:39,1.0,-0.7122827503335675
2004-02-16 17:12:39,1.0,-0.6511556177318821
2004-02-16 17:22:39,1.0,-0.6805181908586406
2004-02-16 17:32:39,1.0,-0.6558540519532695
2004-02-16 17:42:39,1.0,-0.6271311321095205
2004-02-16 17:52:39,1.0,-0.6718053776628191
2004-02-16 18:02:39,1.0,-0.6985289750069855
2004-02-16 18:12:39,1.0,-0.62516590499719
2004-02-16 18:22:39,1.0,-0.666811535634675
2004-02-16 18:32:39,1.0,-0.5911603847664291
2004-02-16 18:42:39,1.0,-0.6283316412895725
2004-02-16 18:52:39,1.0,-0.6950964037261572
2004-02-16 19:02:39,1.0,-0.6707161661883054
2004-02-16 19:12:39,1.0,-0.683854018346915
2004-02-16 19:22:39,1.0,-0.6895742347320767
2004-02-16 19:32:39,1.0,-0.6219229129735279
2004-02-16 19:42:39,1.0,-0.7004844865564851
2004-02-16 19:52:39,1.0,-0.7092119030772472
2004-02-16 20:02:39,1.0,-0.6898578315017364
2004-02-16 20:12:39,1.0,-0.6695626047808342
2004-02-16 20:22:39,1.0,-0.7295452623916843
2004-02-16 20:32:39,1.0,-0.6728033429604706
2004-02-16 20:42:39,1.0,-0.684869370307403
2004-02-16 20:52:39,1.0,-0.66469150890951
2004-02-16 21:02:39,1.0,-0.624017348025627
2004-02-16 21:12:39,1.0,-0.6645624960887586
2004-02-16 21:22:39,1.0,-0.7140301065990934
2004-02-16 21:32:39,1.0,-0.6781863733560507
2004-02-16 21:42:39,1.0,-0.6968477655142379
2004-02-16 21:52:39,1.0,-0.6161024798451599
2004-02-16 22:02:39,1.0,-0.6449086221182424
2004-02-16 22:12:39,1.0,-0.6417175941433739
2004-02-16 22:22:39,1.0,-0.6312366053674715
2004-02-16 22:32:39,1.0,-0.7397482498944938
2004-02-16 22:42:39,1.0,-0.6984516715904044
2004-02-16 22:52:39,1.0,-0.690761258440477
2004-02-16 23:02:39,1.0,-0.699969221586117
2004-02-16 23:12:39,1.0,-0.7345118424267709
2004-02-16 23:22:39,1.0,-0.7148711731573499
2004-02-16 23:32:39,1.0,-0.6554147836492139
2004-02-16 23:42:39,1.0,-0.6976045010469414
2004-02-16 23:52:39,1.0,-0.7418104219971063
2004-02-17 00:02:39,1.0,-0.7134405755690287
2004-02-17 00:12:39,1.0,-0.6913309327390318
2004-02-17 00:22:39,1.0,-0.6828138141964207
2004-02-17 00:32:39,1.0,-0.6987767267134171
2004-02-17 00:42:39,1.0,-0.7070201293777474
2004-02-17 00:52:39,1.0,-0.6820029911420894
2004-02-17 01:02:39,1.0,-0.7475110849822433
2004-02-17 01:12:39,1.0,-0.7412943406605247
2004-02-17 01:22:39,1.0,-0.7254570588193799
2004-02-17 01:32:39,1.0,-0.7239439992986596
2004-02-17 01:42:39,1.0,-0.7177564991369969
2004-02-17 01:52:39,1.0,-0.7454330655043098
2004-02-17 02:02:39,1.0,-0.7263192191390329
2004-02-17 02:12:39,1.0,-0.7511615677717451
2004-02-17 02:22:39,1.0,-0.6803885224948872
2004-02-17 02:32:39,1.0,-0.6561861562473011
2004-02-17 02:42:39,1.0,-0.7154130690551872
2004-02-17 02:52:39,1.0,-0.706528251827177
2004-02-17 03:02:39,1.0,-0.7237962119860841
2004-02-17 03:12:39,1.0,-0.7386126998643138
2004-02-17 03:22:39,1.0,-0.6754765101770251
2004-02-17 03:32:39,1.0,-0.7108680017628007
2004-02-17 03:42:39,1.0,-0.7035841644337726
2004-02-17 03:52:39,1.0,-0.679653606219186
2004-02-17 04:02:39,1.0,-0.6980049748152434
2004-02-17 04:12:39,1.0,-0.706528251827177
2004-02-17 04:22:39,1.0,-0.7412943406605247
2004-02-17 04:32:39,1.0,-0.7060367164783556
2004-02-17 04:42:39,1.0,-0.7475110849822433
2004-02-17 04:52:39,1.0,-0.6823511968162592
2004-02-17 05:02:39,1.0,-0.7459520281776724
2004-02-17 05:12:39,1.0,-0.7042625635985026
2004-02-17 05:22:39,1.0,-0.7034494091757877
2004-02-17 05:32:39,1.0,-0.6803536907641584
2004-02-17 05:42:39,1.0,-0.7035841644337726
2004-02-17 05:52:39,1.0,-0.7178508014272563
2004-02-17 06:02:39,1.0,-0.6825863591172291
2004-02-17 06:12:39,1.0,-0.6986703337675778
2004-02-17 06:22:39,1.0,-0.7041466844583163
2004-02-17 06:32:39,1.0,-0.6881292936684528
2004-02-17 06:42:39,1.0,-0.6955986484358115
2004-02-17 06:52:39,1.0,-0.6831288532936778
2004-02-17 07:02:39,1.0,-0.6806674898467724
2004-02-17 07:12:39,1.0,-0.6824152492548035
2004-02-17 07:22:39,1.0,-0.6986703337675778
2004-02-17 07:32:39,1.0,-0.701525276503046
2004-02-17 07:42:39,1.0,-0.7212983865978729
2004-02-17 07:52:39,1.0,-0.7167898525206163
2004-02-17 08:02:39,1.0,-0.7392903478140195
2004-02-17 08:12:39,1.0,-0.7113234755497877
2004-02-17 08:22:39,1.0,-0.7209566935469263
2004-02-17 08:32:39,1.0,-0.7366920083966313
2004-02-17 08:42:39,1.0,-0.7280899274948736
2004-02-17 08:52:39,1.0,-0.726866438613045
2004-02-17 09:02:39,1.0,-0.7305123539855342
2004-02-17 09:12:39,1.0,-0.7149004126421653
2004-02-17 09:22:39,1.0,-0.7239329866210308
2004-02-17 09:32:39,1.0,-0.7392903478140195
2004-02-17 09:42:39,1.0,-0.7422322930014255
2004-02-17 09:52:39,1.0,-0.7124479614657564
2004-02-17 10:02:39,1.0,-0.7358470038770558
2004-02-17 10:12:39,1.0,-0.7299079486793377
2004-02-17 10:22:39,1.0,-0.7229664810399502
2004-02-17 10:32:39,1.0,-0.7113234755497877
2004-02-17 10:42:39,1.0,-0.6987380823669668
2004-02-17 10:52:39,1.0,-0.7198930956362403
2004-02-17 11:02:39,1.0,-0.7359229763982174
2004-02-17 11:12:39,1.0,-0.7305652419150825
2004-02-17 11:22:39,1.0,-0.7329830954137069
2004-02-17 11:32:39,1.0,-0.726866438613045
2004-02-17 11:42:39,1.0,-0.7392903478140195
2004-02-17 11:52:39,1.0,-0.735005440495216
2004-02-17 12:02:39,1.0,-0.7410929298426231
2004-02-17 12:12:39,1.0,-0.7343122744241207
2004-02-17 12:22:39,1.0,-0.7334933905486136
2004-02-17 12:32:39,1.0,-0.7416088709591082
2004-02-17 12:42:39,1.0,-0.711396916139359
2004-02-17 12:52:39,1.0,-0.7422017919789117
2004-02-17 13:02:39,1.0,-0.7366920083966313
2004-02-17 13:12:39,1.0,-0.707398696846251
2004-02-17 13:22:39,1.0,-0.7416088709591082
2004-02-17 13:32:39,1.0,-0.7110046084727987
2004-02-17 13:42:39,1.0,-0.6760313028898903
2004-02-17 13:52:39,1.0,-0.705432186515844
2004-02-17 14:02:39,1.0,-0.744301389790102
2004-02-17 14:12:39,1.0,-0.7147972355480422
2004-02-17 14:22:39,1.0,-0.7413512434379163
2004-02-17 14:32:39,1.0,-0.7453381001631909
2004-02-17 14:42:39,1.0,-0.7422017919789117
2004-02-17 14:52:39,1.0,-0.7436762298544621
2004-02-17 15:02:39,1.0,-0.7366920083966313
2004-02-17 15:12:39,1.0,-0.7314543391109594
2004-02-17 15:22:39,1.0,-0.7422767010537548
2004-02-17 15:32:39,1.0,-0.7437835754743791
2004-02-17 15:42:39,1.0,-0.7361794879667903
2004-02-17 15:52:39,1.0,-0.7253206323141173
2004-02-17 16:02:39,1.0,-0.7453381001631909
2004-02-17 16:12:39,1.0,-0.7374913784562321
2004-02-17 16:22:39,1.0,-0.7324731552937574
2004-02-17 16:32:39,1.0,-0.6913986604848231
2004-02-17 16:42:39,1.0,-0.7139060388494537
2004-02-17 16:52:39,1.0,-0.7417159181670102
2004-02-17 17:02:39,1.0,-0.7436762298544621
2004-02-17 17:12:39,1.0,-0.6706059550428074
2004-02-17 17:22:39,1.0,-0.7437835754743791
2004-02-17 17:32:39,1.0,-0.716272364101596
2004-02-17 17:42:39,1.0,-0.7188917773893966
2004-02-17 17:52:39,1.0,-0.7149004126421653
2004-02-17 18:02:39,1.0,-0.7188917773893966
2004-02-17 18:12:39,1.0,-0.7014143055290615
2004-02-17 18:22:39,1.0,-0.7178918519024466
2004-02-17 18:32:39,1.0,-0.7000236575871104
2004-02-17 18:42:39,1.0,-0.7312873151402617
2004-02-17 18:52:39,1.0,-0.7358470038770558
2004-02-17 19:02:39,1.0,-0.7147972355480422
2004-02-17 19:12:39,1.0,-0.723334024897718
2004-02-17 19:22:39,1.0,-0.731912611109451
2004-02-17 19:32:39,1.0,-0.7417159181670102
2004-02-17 19:42:39,1.0,-0.7329830954137069
2004-02-17 19:52:39,1.0,-0.7436762298544621
2004-02-17 20:02:39,1.0,-0.716272364101596
2004-02-17 20:12:39,1.0,-0.7326018148454417
2004-02-17 20:22:39,1.0,-0.7307785547833948
2004-02-17 20:32:39,1.0,-0.7428257124511259
2004-02-17 20:42:39,1.0,-0.7395472591518426
2004-02-17 20:52:39,1.0,-0.7405773476690338
2004-02-17 21:02:39,1.0,-0.7416088709591082
2004-02-17 21:12:39,1.0,-0.7243117647637118
2004-02-17 21:22:39,1.0,-0.7314543391109594
2004-02-17 21:32:39,1.0,-0.7305123539855342
2004-02-17 21:42:39,1.0,-0.7422017919789117
2004-02-17 21:52:39,1.0,-0.7416088709591082
2004-02-17 22:02:39,1.0,-0.6980776492606723
2004-02-17 22:12:39,1.0,-0.7245775654721577
2004-02-17 22:22:39,1.0,-0.7407285614142204
2004-02-17 22:32:39,1.0,-0.7253504395999189
2004-02-17 22:42:39,1.0,-0.7458569967226801
2004-02-17 22:52:39,1.0,-0.7184227903239071
2004-02-17 23:02:39,1.0,-0.7366920083966313
2004-02-17 23:12:39,1.0,-0.722948678067131
2004-02-17 23:22:39,1.0,-0.7437835754743791
2004-02-17 23:32:39,1.0,-0.7128101578871442
2004-02-17 23:42:39,1.0,-0.7070452880581016
2004-02-17 23:52:39,1.0,-0.7433428599126692
2004-02-18 00:02:39,1.0,-0.7305123539855342
2004-02-18 00:12:39,1.0,-0.7305652419150825
2004-02-18 00:22:39,1.0,-0.7118186914847652
2004-02-18 00:32:39,1.0,-0.7361794879667903
2004-02-18 00:42:39,1.0,-0.7380048122104572
2004-02-18 00:52:39,1.0,-0.7405773476690338
2004-02-18 01:02:39,1.0,-0.7334933905486136
2004-02-18 01:12:39,1.0,-0.7334933905486136
2004-02-18 01:22:39,1.0,-0.705432186515844
2004-02-18 01:32:39,1.0,-0.7212935738703956
2004-02-18 01:42:39,1.0,-0.70333045792071
2004-02-18 01:52:39,1.0,-0.7315298581114635
2004-02-18 02:02:39,1.0,-0.7102254286357563
2004-02-18 02:12:39,1.0,-0.7323058986814373
2004-02-18 02:22:39,1.0,-0.7037020203828682
2004-02-18 02:32:39,1.0,-0.7334933905486136
2004-02-18 02:42:39,1.0,-0.7361794879667903
2004-02-18 02:52:39,1.0,-0.7298026056416357
2004-02-18 03:02:39,1.0,-0.7309454625546545
2004-02-18 03:12:39,1.0,-0.7428257124511259
2004-02-18 03:22:39,1.0,-0.7422017919789117
2004-02-18 03:32:39,1.0,-0.7212983865978729
2004-02-18 03:42:39,1.0,-0.7328157223590893
2004-02-18 03:52:39,1.0,-0.7296567736773799
2004-02-18 04:02:39,1.0,-0.7212983865978729
2004-02-18 04:12:39,1.0,-0.7220641380956663
2004-02-18 04:22:39,1.0,-0.7305123539855342
2004-02-18 04:32:39,1.0,-0.7235996717343104
2004-02-18 04:42:39,1.0,-0.716272364101596
2004-02-18 04:52:39,1.0,-0.7266094133885617
2004-02-18 05:02:39,1.0,-0.7315298581114635
2004-02-18 05:12:39,1.0,-0.7317964296907473
2004-02-18 05:22:39,1.0,-0.7334933905486136
2004-02-18 05:32:39,1.0,-0.728634958784579
2004-02-18 05:42:39,1.0,-0.728634958784579
2004-02-18 05:52:39,1.0,-0.7280899274948736
2004-02-18 06:02:39,1.0,-0.7210598000887464
2004-02-18 06:12:39,1.0,-0.7144270302046666
2004-02-18 06:22:39,1.0,-0.7212983865978729
2004-02-18 06:32:39,1.0,-0.7480134186498251
2004-02-18 06:42:39,1.0,-0.7212983865978729
2004-02-18 06:52:39,1.0,-0.7173424266207203
2004-02-18 07:02:39,1.0,-0.719952937750283
2004-02-18 07:12:39,1.0,-0.7276214812502869
2004-02-18 07:22:39,1.0,-0.7276214812502869
2004-02-18 07:32:39,1.0,-0.7205581550668507
2004-02-18 07:42:39,1.0,-0.728634958784579
2004-02-18 07:52:39,1.0,-0.728634958784579
2004-02-18 08:02:39,1.0,-0.7177812109729349
2004-02-18 08:12:39,1.0,-0.7266094133885617
2004-02-18 08:22:39,1.0,-0.732205318494944
2004-02-18 08:32:39,1.0,-0.7555090554806912
2004-02-18 08:42:39,1.0,-0.715920199042254
2004-02-18 08:52:39,1.0,-0.7173424266207203
2004-02-18 09:02:39,1.0,-0.7266094133885617
2004-02-18 09:12:39,1.0,-0.7379700228203818
2004-02-18 09:22:39,1.0,-0.728634958784579
2004-02-18 09:32:39,1.0,-0.7173424266207203
2004-02-18 09:42:39,1.0,-0.7276214812502869
2004-02-18 09:52:39,1.0,-0.7276214812502869
2004-02-18 10:02:39,1.0,-0.7291422267924187
2004-02-18 10:12:39,1.0,-0.7555090554806912
2004-02-18 10:22:39,1.0,-0.7235996717343104
2004-02-18 10:32:39,1.0,-0.732205318494944
2004-02-18 10:42:39,1.0,-0.7230698750085187
2004-02-18 10:52:39,1.0,-0.7281280436857085
2004-02-18 11:02:39,1.0,-0.7555090554806912
2004-02-18 11:12:39,1.0,-0.7281280436857085
2004-02-18 11:22:39,1.0,-0.7271152712329644
2004-02-18 11:32:39,1.0,-0.7428257124511259
2004-02-18 11:42:39,1.0,-0.728634958784579
2004-02-18 11:52:39,1.0,-0.7581426071897627
2004-02-18 12:02:39,1.0,-0.7511434164344065
2004-02-18 12:12:39,1.0,-0.7639687797132308
2004-02-18 12:22:39,1.0,-0.7639687797132308
2004-02-18 12:32:39,1.0,-0.7623753976906485
2004-02-18 12:42:39,1.0,-0.7639687797132308
2004-02-18 12:52:39,1.0,-0.7581426071897627
2004-02-18 13:02:39,1.0,-0.7639687797132308
2004-02-18 13:12:39,1.0,-0.7639687797132308
2004-02-18 13:22:39,1.0,-0.7639687797132308
2004-02-18 13:32:39,1.0,-0.7639687797132308
2004-02-18 13:42:39,1.0,-0.7639687797132308
2004-02-18 13:52:39,1.0,-0.7639687797132308
2004-02-18 14:02:39,1.0,-0.7639687797132308
2004-02-18 14:12:39,1.0,-0.7639687797132308
2004-02-18 14:22:39,1.0,-0.7639687797132308
2004-02-18 14:32:39,1.0,-0.7639687797132308
2004-02-18 14:42:39,1.0,-0.7639687797132308
2004-02-18 14:52:39,1.0,-0.7639687797132308
2004-02-18 15:02:39,1.0,-0.7639687797132308
2004-02-18 15:12:39,1.0,-0.7639687797132308
2004-02-18 15:22:39,1.0,-0.7639687797132308
2004-02-18 15:32:39,1.0,-0.7639687797132308
2004-02-18 15:42:39,1.0,-0.7639687797132308
2004-02-18 15:52:39,1.0,-0.7639687797132308
2004-02-18 16:02:39,1.0,-0.7639687797132308
2004-02-18 16:12:39,1.0,-0.7639687797132308
2004-02-18 16:22:39,1.0,-0.7639687797132308
2004-02-18 16:32:39,1.0,-0.7639687797132308
2004-02-18 16:42:39,1.0,-0.7639687797132308
2004-02-18 16:52:39,1.0,-0.7639687797132308
2004-02-18 17:02:39,1.0,-0.7639687797132308
2004-02-18 17:12:39,1.0,-0.7639687797132308
2004-02-18 17:22:39,1.0,-0.7639687797132308
2004-02-18 17:32:39,1.0,-0.7639687797132308
2004-02-18 17:42:39,1.0,-0.7639687797132308
2004-02-18 17:52:39,1.0,-0.7639687797132308
2004-02-18 18:02:39,1.0,-0.7639687797132308
2004-02-18 18:12:39,1.0,-0.7639687797132308
2004-02-18 18:22:39,1.0,-0.7639687797132308
2004-02-18 18:32:39,1.0,-0.7639687797132308
2004-02-18 18:42:39,1.0,-0.7639687797132308
2004-02-18 18:52:39,1.0,-0.7639687797132308
2004-02-18 19:02:39,1.0,-0.7639687797132308
2004-02-18 19:12:39,1.0,-0.7639687797132308
2004-02-18 19:22:39,1.0,-0.7639687797132308
2004-02-18 19:32:39,1.0,-0.7639687797132308
2004-02-18 19:42:39,1.0,-0.7639687797132308
2004-02-18 19:52:39,1.0,-0.7639687797132308
2004-02-18 20:02:39,1.0,-0.7639687797132308
2004-02-18 20:12:39,1.0,-0.7639687797132308
2004-02-18 20:22:39,1.0,-0.7639687797132308
2004-02-18 20:32:39,1.0,-0.7639687797132308
2004-02-18 20:42:39,1.0,-0.7639687797132308
2004-02-18 20:52:39,1.0,-0.7639687797132308
2004-02-18 21:02:39,1.0,-0.7639687797132308
2004-02-18 21:12:39,1.0,-0.7639687797132308
2004-02-18 21:22:39,1.0,-0.7639687797132308
2004-02-18 21:32:39,1.0,-0.7639687797132308
2004-02-18 21:42:39,1.0,-0.7639687797132308
2004-02-18 21:52:39,1.0,-0.7639687797132308
2004-02-18 22:02:39,1.0,-0.7639687797132308
2004-02-18 22:12:39,1.0,-0.7639687797132308
2004-02-18 22:22:39,1.0,-0.7639687797132308
2004-02-18 22:32:39,1.0,-0.7639687797132308
2004-02-18 22:42:39,1.0,-0.7639687797132308
2004-02-18 22:52:39,1.0,-0.7639687797132308
2004-02-18 23:02:39,1.0,-0.7639687797132308
2004-02-18 23:12:39,1.0,-0.7639687797132308
2004-02-18 23:22:39,1.0,-0.7639687797132308
2004-02-18 23:32:39,1.0,-0.7639687797132308
2004-02-18 23:42:39,1.0,-0.7639687797132308
2004-02-18 23:52:39,1.0,-0.7639687797132308
2004-02-19 00:02:39,1.0,-0.7639687797132308
2004-02-19 00:12:39,1.0,-0.7639687797132308
2004-02-19 00:22:39,1.0,-0.7639687797132308
2004-02-19 00:32:39,1.0,-0.7639687797132308
2004-02-19 00:42:39,1.0,-0.7639687797132308
2004-02-19 00:52:39,1.0,-0.7639687797132308
2004-02-19 01:02:39,1.0,-0.7639687797132308
2004-02-19 01:12:39,1.0,-0.7639687797132308
2004-02-19 01:22:39,1.0,-0.7639687797132308
2004-02-19 01:32:39,1.0,-0.7639687797132308
2004-02-19 01:42:39,1.0,-0.7639687797132308
2004-02-19 01:52:39,1.0,-0.7639687797132308
2004-02-19 02:02:39,1.0,-0.7639687797132308
2004-02-19 02:12:39,1.0,-0.7639687797132308
2004-02-19 02:22:39,1.0,-0.7639687797132308
2004-02-19 02:32:39,1.0,-0.7639687797132308
2004-02-19 02:42:39,1.0,-0.7639687797132308
2004-02-19 02:52:39,1.0,-0.7639687797132308
2004-02-19 03:02:39,1.0,-0.7639687797132308
2004-02-19 03:12:39,1.0,-0.7639687797132308
2004-02-19 03:22:39,1.0,-0.7639687797132308
2004-02-19 03:32:39,1.0,-0.7639687797132308
2004-02-19 03:42:39,1.0,-0.7639687797132308
2004-02-19 03:52:39,1.0,-0.7639687797132308
2004-02-19 04:02:39,1.0,-0.7639687797132308
2004-02-19 04:12:39,1.0,-0.7639687797132308
2004-02-19 04:22:39,1.0,-0.7639687797132308
2004-02-19 04:32:39,1.0,-0.7639687797132308
2004-02-19 04:42:39,1.0,-0.7639687797132308
2004-02-19 04:52:39,1.0,-0.7639687797132308
2004-02-19 05:02:39,1.0,-0.7639687797132308
2004-02-19 05:12:39,1.0,-0.7639687797132308
2004-02-19 05:22:39,1.0,-0.7639687797132308
2004-02-19 05:32:39,1.0,-0.7639687797132308
2004-02-19 05:42:39,1.0,-0.7639687797132308
2004-02-19 05:52:39,1.0,-0.7639687797132308
2004-02-19 06:02:39,1.0,-0.7639687797132308
2004-02-19 06:12:39,1.0,-0.7033580508222743
2004-02-19 06:22:39,1.0,-0.7033580508222743
