,Anomaly,SVM
2004-02-12 11:02:39,1.0,10.187621584590806
2004-02-12 11:12:39,0.0,10.40125066456665
2004-02-12 11:22:39,1.0,10.171986373012594
2004-02-12 11:32:39,0.0,10.465113988173323
2004-02-12 11:42:39,0.0,10.546081133718435
2004-02-12 11:52:39,0.0,10.331646438702467
2004-02-12 12:02:39,0.0,10.340780988111769
2004-02-12 12:12:39,0.0,10.496934044764007
2004-02-12 12:22:39,0.0,10.604195643797125
2004-02-12 12:32:39,0.0,10.603154009926907
2004-02-12 12:42:39,0.0,10.458203386047002
2004-02-12 12:52:39,0.0,10.542057902677406
2004-02-12 13:02:39,0.0,10.566351633474374
2004-02-12 13:12:39,0.0,10.431130555656217
2004-02-12 13:22:39,0.0,10.536254428756754
2004-02-12 13:32:39,0.0,10.606150023953612
2004-02-12 13:42:39,0.0,10.543398036877731
2004-02-12 13:52:39,0.0,10.540672783483036
2004-02-12 14:02:39,0.0,10.378916701244083
2004-02-12 14:12:39,0.0,10.445077622430977
2004-02-12 14:22:39,0.0,10.29812741988865
2004-02-12 14:32:39,1.0,10.27693905503358
2004-02-12 14:42:39,0.0,10.573788767340723
2004-02-12 14:52:39,0.0,10.52300824331643
2004-02-12 15:02:39,0.0,10.58933034018789
2004-02-12 15:12:39,0.0,10.53758682115515
2004-02-12 15:22:39,0.0,10.573079187989332
2004-02-12 15:32:39,0.0,10.521863323274278
2004-02-12 15:42:39,1.0,10.237585947505385
2004-02-12 15:52:39,0.0,10.597442305654562
2004-02-12 16:02:39,0.0,10.423747304009108
2004-02-12 16:12:39,1.0,10.28397313701284
2004-02-12 16:22:39,0.0,10.60412361751319
2004-02-12 16:32:39,0.0,10.523736685808714
2004-02-12 16:42:39,0.0,10.331638635709771
2004-02-12 16:52:39,0.0,10.55999437465979
2004-02-12 17:02:39,0.0,10.367879462426176
2004-02-12 17:12:39,0.0,10.379726662692477
2004-02-12 17:22:39,0.0,10.575437262873562
2004-02-12 17:32:39,0.0,10.620310476233131
2004-02-12 17:42:39,0.0,10.596004194768245
2004-02-12 17:52:39,0.0,10.494535375118748
2004-02-12 18:02:39,0.0,10.574309998933133
2004-02-12 18:12:39,0.0,10.464061976038096
2004-02-12 18:22:39,0.0,10.548976233540706
2004-02-12 18:32:39,0.0,10.488198103982839
2004-02-12 18:42:39,0.0,10.611816276600617
2004-02-12 18:52:39,0.0,10.484943145928714
2004-02-12 19:02:39,0.0,10.512074268841456
2004-02-12 19:12:39,0.0,10.517105241870732
2004-02-12 19:22:39,0.0,10.352907272981216
2004-02-12 19:32:39,0.0,10.594075195100112
2004-02-12 19:42:39,0.0,10.506629704233964
2004-02-12 19:52:39,0.0,10.605659568659261
2004-02-12 20:02:39,0.0,10.535251452585163
2004-02-12 20:12:39,0.0,10.435987992320365
2004-02-12 20:22:39,0.0,10.339034017886553
2004-02-12 20:32:39,0.0,10.548878504278086
2004-02-12 20:42:39,0.0,10.543972182432299
2004-02-12 20:52:39,0.0,10.381555433490398
2004-02-12 21:02:39,0.0,10.543967943042054
2004-02-12 21:12:39,0.0,10.641263931589043
2004-02-12 21:22:39,0.0,10.57774916865213
2004-02-12 21:32:39,0.0,10.569354015586732
2004-02-12 21:42:39,0.0,10.568881225384644
2004-02-12 21:52:39,0.0,10.472944061431466
2004-02-12 22:02:39,0.0,10.589959215525411
2004-02-12 22:12:39,0.0,10.489078757178214
2004-02-12 22:22:39,0.0,10.471914755776009
2004-02-12 22:32:39,0.0,10.491262123287102
2004-02-12 22:42:39,1.0,10.259629504162602
2004-02-12 22:52:39,0.0,10.364948943273188
2004-02-12 23:02:39,0.0,10.571633617298712
2004-02-12 23:12:39,0.0,10.502582344625393
2004-02-12 23:22:39,0.0,10.58633989191317
2004-02-12 23:32:39,0.0,10.458432619581465
2004-02-12 23:42:39,0.0,10.488995330726121
2004-02-12 23:52:39,0.0,10.560896786206454
2004-02-13 00:02:39,0.0,10.411026327361883
2004-02-13 00:12:39,0.0,10.62722745327535
2004-02-13 00:22:39,0.0,10.508589483207889
2004-02-13 00:32:39,0.0,10.496051123309538
2004-02-13 00:42:39,0.0,10.572582701601778
2004-02-13 00:52:39,0.0,10.587171132960268
2004-02-13 01:02:39,0.0,10.313259099078106
2004-02-13 01:12:39,0.0,10.501760694549178
2004-02-13 01:22:39,0.0,10.594159477983881
2004-02-13 01:32:39,0.0,10.55085765723891
2004-02-13 01:42:39,0.0,10.578164322461774
2004-02-13 01:52:39,0.0,10.57342871032234
2004-02-13 02:02:39,0.0,10.464066606230226
2004-02-13 02:12:39,0.0,10.610204777134426
2004-02-13 02:22:39,0.0,10.586423349110646
2004-02-13 02:32:39,0.0,10.5810509797121
2004-02-13 02:42:39,0.0,10.517312672586375
2004-02-13 02:52:39,0.0,10.493987472788938
2004-02-13 03:02:39,0.0,10.522708197762153
2004-02-13 03:12:39,0.0,10.636815191420796
2004-02-13 03:22:39,0.0,10.570861134464181
2004-02-13 03:32:39,0.0,10.582128801151216
2004-02-13 03:42:39,0.0,10.464108812000507
2004-02-13 03:52:39,0.0,10.57089071844197
2004-02-13 04:02:39,0.0,10.522164695110204
2004-02-13 04:12:39,0.0,10.597857419231024
2004-02-13 04:22:39,0.0,10.530443000224828
2004-02-13 04:32:39,0.0,10.544360914960446
2004-02-13 04:42:39,0.0,10.52307248777094
2004-02-13 04:52:39,0.0,10.561387380138669
2004-02-13 05:02:39,0.0,10.520844350798786
2004-02-13 05:12:39,0.0,10.396250404799277
2004-02-13 05:22:39,0.0,10.554308442165532
2004-02-13 05:32:39,0.0,10.48615474923551
2004-02-13 05:42:39,0.0,10.498116132367533
2004-02-13 05:52:39,0.0,10.52373147367367
2004-02-13 06:02:39,0.0,10.623958566766948
2004-02-13 06:12:39,0.0,10.405410564700722
2004-02-13 06:22:39,0.0,10.636598314894112
2004-02-13 06:32:39,0.0,10.527255893175639
2004-02-13 06:42:39,0.0,10.512363009710963
2004-02-13 06:52:39,0.0,10.628566171307538
2004-02-13 07:02:39,0.0,10.504378528548738
2004-02-13 07:12:39,0.0,10.529568251098453
2004-02-13 07:22:39,0.0,10.476900067110666
2004-02-13 07:32:39,0.0,10.43815449501884
2004-02-13 07:42:39,0.0,10.56875376638778
2004-02-13 07:52:39,0.0,10.585868278409075
2004-02-13 08:02:39,0.0,10.399736618680214
2004-02-13 08:12:39,0.0,10.53685105795883
2004-02-13 08:22:39,0.0,10.546011112829428
2004-02-13 08:32:39,0.0,10.549761912274896
2004-02-13 08:42:39,0.0,10.54696930349176
2004-02-13 08:52:39,0.0,10.594354356680375
2004-02-13 09:02:39,0.0,10.606285453244944
2004-02-13 09:12:39,0.0,10.514611163803218
2004-02-13 09:22:39,0.0,10.556650085123083
2004-02-13 09:32:39,0.0,10.479724815126112
2004-02-13 09:42:39,1.0,10.20245598890433
2004-02-13 09:52:39,0.0,10.523890425954102
2004-02-13 10:02:39,0.0,10.628172866603162
2004-02-13 10:12:39,0.0,10.597441196698998
2004-02-13 10:22:39,0.0,10.539216745878056
2004-02-13 10:32:39,0.0,10.563126028038054
2004-02-13 10:42:39,0.0,10.374269676770961
2004-02-13 10:52:39,0.0,10.555517109312564
2004-02-13 11:02:39,0.0,10.360010698949381
2004-02-13 11:12:39,0.0,10.490903015200992
2004-02-13 11:22:39,0.0,10.545927787257138
2004-02-13 11:32:39,0.0,10.37437945126333
2004-02-13 11:42:39,0.0,10.572518998418886
2004-02-13 11:52:39,0.0,10.560212215327763
2004-02-13 12:02:39,0.0,10.499861377297979
2004-02-13 12:12:39,0.0,10.587330111691692
2004-02-13 12:22:39,0.0,10.504709941819833
2004-02-13 12:32:39,0.0,10.453587432298495
2004-02-13 12:42:39,0.0,10.454946436834152
2004-02-13 12:52:39,0.0,10.562715853996423
2004-02-13 13:02:39,0.0,10.621829823200473
2004-02-13 13:12:39,0.0,10.520048297533663
2004-02-13 13:22:39,0.0,10.483845571655486
2004-02-13 13:32:39,0.0,10.491244860167653
2004-02-13 13:42:39,0.0,10.573439883904038
2004-02-13 13:52:39,0.0,10.381015336811357
2004-02-13 14:02:39,0.0,10.47390182788753
2004-02-13 14:12:39,0.0,10.605872162647747
2004-02-13 14:22:39,0.0,10.603626894617571
2004-02-13 14:32:39,0.0,10.577399043734196
2004-02-13 14:42:39,0.0,10.414024296214908
2004-02-13 14:52:39,0.0,10.432674848097479
2004-02-13 15:02:39,0.0,10.5704098608106
2004-02-13 15:12:39,0.0,10.437739202401056
2004-02-13 15:22:39,0.0,10.330728804315594
2004-02-13 15:32:39,0.0,10.483068734979431
2004-02-13 15:42:39,0.0,10.481435062471322
2004-02-13 15:52:39,0.0,10.540919080624514
2004-02-13 16:02:39,0.0,10.468688693290474
2004-02-13 16:12:39,0.0,10.394023108138486
2004-02-13 16:22:39,0.0,10.396353327933497
2004-02-13 16:32:39,0.0,10.465965430454355
2004-02-13 16:42:39,0.0,10.596033725750434
2004-02-13 16:52:39,0.0,10.283973320862078
2004-02-13 17:02:39,0.0,10.610975324759748
2004-02-13 17:12:39,0.0,10.540540781891213
2004-02-13 17:22:39,0.0,10.583399658602303
2004-02-13 17:32:39,0.0,10.58960624038205
2004-02-13 17:42:39,1.0,10.230672860275641
2004-02-13 17:52:39,0.0,10.29980589203402
2004-02-13 18:02:39,0.0,10.527248158637605
2004-02-13 18:12:39,1.0,10.26327052652153
2004-02-13 18:22:39,0.0,10.550475330902445
2004-02-13 18:32:39,0.0,10.468937192760055
2004-02-13 18:42:39,0.0,10.464985965769133
2004-02-13 18:52:39,0.0,10.582923028041309
2004-02-13 19:02:39,0.0,10.526424033897236
2004-02-13 19:12:39,0.0,10.490769947110248
2004-02-13 19:22:39,1.0,10.189616608745288
2004-02-13 19:32:39,0.0,10.562878611724749
2004-02-13 19:42:39,0.0,10.536370103981517
2004-02-13 19:52:39,0.0,10.529875113520985
2004-02-13 20:02:39,0.0,10.551201740738513
2004-02-13 20:12:39,0.0,10.50552342673553
2004-02-13 20:22:39,0.0,10.593974388266714
2004-02-13 20:32:39,0.0,10.448638647008647
2004-02-13 20:42:39,0.0,10.404968459475988
2004-02-13 20:52:39,0.0,10.460125609749541
2004-02-13 21:02:39,0.0,10.489472578236528
2004-02-13 21:12:39,0.0,10.404334770857103
2004-02-13 21:22:39,1.0,10.21945684165865
2004-02-13 21:32:39,0.0,10.319102178656298
2004-02-13 21:42:39,0.0,10.50187181436561
2004-02-13 21:52:39,0.0,10.636314016733818
2004-02-13 22:02:39,0.0,10.446842918747244
2004-02-13 22:12:39,0.0,10.4989178621662
2004-02-13 22:22:39,0.0,10.528584288899197
2004-02-13 22:32:39,0.0,10.443720422942905
2004-02-13 22:42:39,0.0,10.634160488392821
2004-02-13 22:52:39,0.0,10.5132275130472
2004-02-13 23:02:39,0.0,10.539228695277625
2004-02-13 23:12:39,0.0,10.463923706271071
2004-02-13 23:22:39,0.0,10.559471520883829
2004-02-13 23:32:39,0.0,10.450278529108717
2004-02-13 23:42:39,0.0,10.52207505299672
2004-02-13 23:52:39,0.0,10.518444546628311
2004-02-13 23:52:39,0.0,10.518444546628311
2004-02-14 00:02:39,0.0,10.524081992206868
2004-02-14 00:12:39,0.0,10.47654907498569
2004-02-14 00:22:39,0.0,10.47807284174577
2004-02-14 00:32:39,0.0,10.517147988938268
2004-02-14 00:42:39,0.0,10.592248225635505
2004-02-14 00:52:39,0.0,10.361945753888369
2004-02-14 01:02:39,0.0,10.4127721390239
2004-02-14 01:12:39,1.0,10.264762908438032
2004-02-14 01:22:39,0.0,10.35282574784125
2004-02-14 01:32:39,0.0,10.393242453730764
2004-02-14 01:42:39,0.0,10.450276606893567
2004-02-14 01:52:39,0.0,10.590222738512852
2004-02-14 02:02:39,0.0,10.51935179553771
2004-02-14 02:12:39,0.0,10.506860331564422
2004-02-14 02:22:39,0.0,10.531320088029858
2004-02-14 02:32:39,0.0,10.49560592376753
2004-02-14 02:42:39,0.0,10.429806807647617
2004-02-14 02:52:39,0.0,10.478381423847265
2004-02-14 03:02:39,1.0,10.226498045453619
2004-02-14 03:12:39,0.0,10.47444376004855
2004-02-14 03:22:39,0.0,10.618430045316757
2004-02-14 03:32:39,0.0,10.49773175626166
2004-02-14 03:42:39,0.0,10.428017142244103
2004-02-14 03:52:39,0.0,10.503959344762322
2004-02-14 04:02:39,0.0,10.466513725197498
2004-02-14 04:12:39,0.0,10.359694346775235
2004-02-14 04:22:39,0.0,10.407559384361532
2004-02-14 04:32:39,0.0,10.566181606171869
2004-02-14 04:42:39,0.0,10.544546208994731
2004-02-14 04:52:39,0.0,10.557586707883774
2004-02-14 05:02:39,0.0,10.542727769847563
2004-02-14 05:12:39,0.0,10.507308723489608
2004-02-14 05:22:39,0.0,10.470975055769747
2004-02-14 05:32:39,1.0,10.272472069863555
2004-02-14 05:42:39,0.0,10.541085789145177
2004-02-14 05:52:39,0.0,10.541661352957618
2004-02-14 06:02:39,0.0,10.518870297313887
2004-02-14 06:12:39,0.0,10.532931145225739
2004-02-14 06:22:39,0.0,10.369595001458938
2004-02-14 06:32:39,0.0,10.476551187742787
2004-02-14 06:42:39,0.0,10.523704293290265
2004-02-14 06:52:39,0.0,10.454433557167254
2004-02-14 07:02:39,0.0,10.535501790413326
2004-02-14 07:12:39,0.0,10.616901982142219
2004-02-14 07:22:39,0.0,10.528434254089914
2004-02-14 07:32:39,0.0,10.436375369704416
2004-02-14 07:42:39,0.0,10.4603045613795
2004-02-14 07:52:39,0.0,10.32494423842294
2004-02-14 08:02:39,0.0,10.481535114524135
2004-02-14 08:12:39,0.0,10.59518146329078
2004-02-14 08:22:39,0.0,10.488284600363478
2004-02-14 08:32:39,0.0,10.504650600656959
2004-02-14 08:42:39,0.0,10.375210989686575
2004-02-14 08:52:39,0.0,10.411497427289047
2004-02-14 09:02:39,1.0,10.212973481049303
2004-02-14 09:12:39,0.0,10.484528379056774
2004-02-14 09:22:39,0.0,10.48178949713196
2004-02-14 09:32:39,1.0,10.199444617893839
2004-02-14 09:42:39,0.0,10.536123811227501
2004-02-14 09:52:39,0.0,10.480376941956703
2004-02-14 10:02:39,1.0,10.267963597699614
2004-02-14 10:12:39,0.0,10.516878070165744
2004-02-14 10:22:39,0.0,10.309681237708183
2004-02-14 10:32:39,0.0,10.569329674124988
2004-02-14 10:42:39,0.0,10.31965556193342
2004-02-14 10:52:39,0.0,10.435739160502616
2004-02-14 11:02:39,0.0,10.451179671623091
2004-02-14 11:12:39,0.0,10.49406137091924
2004-02-14 11:22:39,0.0,10.400162401021399
2004-02-14 11:32:39,0.0,10.48903537695565
2004-02-14 11:42:39,0.0,10.440624611334261
2004-02-14 11:52:39,0.0,10.450583715787655
2004-02-14 12:02:39,0.0,10.616791734978738
2004-02-14 12:12:39,0.0,10.479196461893475
2004-02-14 12:22:39,0.0,10.553536311327004
2004-02-14 12:32:39,0.0,10.460311459926759
2004-02-14 12:42:39,0.0,10.467957671129708
2004-02-14 12:52:39,0.0,10.397616580550805
2004-02-14 13:02:39,0.0,10.450252798209554
2004-02-14 13:12:39,0.0,10.453224867757616
2004-02-14 13:22:39,1.0,10.265691752288623
2004-02-14 13:32:39,0.0,10.366050863076923
2004-02-14 13:42:39,0.0,10.50266784523631
2004-02-14 13:52:39,0.0,10.2973802541144
2004-02-14 14:02:39,1.0,10.213654266616459
2004-02-14 14:12:39,0.0,10.57573337925588
2004-02-14 14:22:39,0.0,10.520397315721702
2004-02-14 14:32:39,1.0,10.13178539746198
2004-02-14 14:42:39,1.0,10.225036898404484
2004-02-14 14:52:39,0.0,10.50231898983531
2004-02-14 15:02:39,0.0,10.360122756693897
2004-02-14 15:12:39,0.0,10.403999780219417
2004-02-14 15:22:39,0.0,10.39582866287758
2004-02-14 15:32:39,0.0,10.476456734408313
2004-02-14 15:42:39,1.0,10.25639649549992
2004-02-14 15:52:39,0.0,10.51680050477548
2004-02-14 16:02:39,0.0,10.36801096807673
2004-02-14 16:12:39,0.0,10.364042330318787
2004-02-14 16:22:39,0.0,10.420654655752987
2004-02-14 16:32:39,0.0,10.521294914379066
2004-02-14 16:42:39,0.0,10.48187246571583
2004-02-14 16:52:39,0.0,10.426373275165085
2004-02-14 17:02:39,0.0,10.404691490315233
2004-02-14 17:12:39,0.0,10.564392638634224
2004-02-14 17:22:39,0.0,10.431774158763973
2004-02-14 17:32:39,0.0,10.425627515827802
2004-02-14 17:42:39,0.0,10.503898471201595
2004-02-14 17:52:39,1.0,10.150353969614944
2004-02-14 18:02:39,1.0,10.127192647680346
2004-02-14 18:12:39,0.0,10.33697220988564
2004-02-14 18:22:39,0.0,10.421784072971828
2004-02-14 18:32:39,1.0,10.273019917089925
2004-02-14 18:42:39,0.0,10.459646342693706
2004-02-14 18:52:39,0.0,10.49108844581156
2004-02-14 19:02:39,0.0,10.47358270330947
2004-02-14 19:12:39,0.0,10.379475550873519
2004-02-14 19:22:39,0.0,10.296609029214746
2004-02-14 19:32:39,0.0,10.391328513842891
2004-02-14 19:42:39,0.0,10.535240145352674
2004-02-14 19:52:39,1.0,9.99635858749673
2004-02-14 20:02:39,0.0,10.514691192924513
2004-02-14 20:12:39,0.0,10.537236383390555
2004-02-14 20:22:39,0.0,10.423190007674823
2004-02-14 20:32:39,1.0,10.167810357915554
2004-02-14 20:42:39,1.0,10.178735845504141
2004-02-14 20:52:39,1.0,9.903644564974185
2004-02-14 21:02:39,0.0,10.373778228442507
2004-02-14 21:12:39,0.0,10.576228265240383
2004-02-14 21:22:39,0.0,10.403491541121086
2004-02-14 21:32:39,0.0,10.439138584827122
2004-02-14 21:42:39,1.0,10.154608341074356
2004-02-14 21:52:39,0.0,10.517232291477635
2004-02-14 22:02:39,0.0,10.484340293219413
2004-02-14 22:12:39,0.0,10.436838456827159
2004-02-14 22:22:39,0.0,10.406380856904573
2004-02-14 22:32:39,0.0,10.426772768339688
2004-02-14 22:42:39,1.0,9.890713051455236
2004-02-14 22:52:39,0.0,10.33095875597451
2004-02-14 23:02:39,0.0,10.446201024321786
2004-02-14 23:12:39,0.0,10.531279994713717
2004-02-14 23:22:39,0.0,10.526351050034085
2004-02-14 23:32:39,0.0,10.420123979707226
2004-02-14 23:42:39,0.0,10.620583296480172
2004-02-14 23:52:39,1.0,10.240747772854641
2004-02-15 00:02:39,0.0,10.362831291165673
2004-02-15 00:12:39,0.0,10.288760142766822
2004-02-15 00:22:39,1.0,10.019727249513574
2004-02-15 00:32:39,1.0,10.28247426258239
2004-02-15 00:42:39,0.0,10.364410318608993
2004-02-15 00:52:39,0.0,10.368002342205683
2004-02-15 01:02:39,0.0,10.528820871274025
2004-02-15 01:12:39,1.0,10.217452345880869
2004-02-15 01:22:39,1.0,10.265385042157568
2004-02-15 01:32:39,1.0,10.171474652644024
2004-02-15 01:42:39,1.0,10.23606293081246
2004-02-15 01:52:39,0.0,10.296973272803987
2004-02-15 02:02:39,0.0,10.62158165756895
2004-02-15 02:12:39,0.0,10.306702450626187
2004-02-15 02:22:39,0.0,10.491543571834159
2004-02-15 02:32:39,1.0,10.095540273788032
2004-02-15 02:42:39,0.0,10.487948711004584
2004-02-15 02:52:39,0.0,10.348773150645565
2004-02-15 03:02:39,1.0,9.934714634288142
2004-02-15 03:12:39,1.0,10.25741643912201
2004-02-15 03:22:39,0.0,10.402610235875454
2004-02-15 03:32:39,0.0,10.373146057946805
2004-02-15 03:42:39,0.0,10.3973817611919
2004-02-15 03:52:39,0.0,10.566061477394456
2004-02-15 04:02:39,0.0,10.393035519430821
2004-02-15 04:12:39,0.0,10.455279924459088
2004-02-15 04:22:39,0.0,10.434396454944679
2004-02-15 04:32:39,0.0,10.510374644254398
2004-02-15 04:42:39,0.0,10.366902192108256
2004-02-15 04:52:39,1.0,9.689023999655971
2004-02-15 05:02:39,0.0,10.532050627446683
2004-02-15 05:12:39,0.0,10.45733078676049
2004-02-15 05:22:39,1.0,9.9754470667651
2004-02-15 05:32:39,0.0,10.434494148725419
2004-02-15 05:42:39,1.0,9.441019241523886
2004-02-15 05:52:39,1.0,10.171983645560358
2004-02-15 06:02:39,0.0,10.372687204386633
2004-02-15 06:12:39,0.0,10.305692716279465
2004-02-15 06:22:39,1.0,9.975466239475537
2004-02-15 06:32:39,0.0,10.37574520181158
2004-02-15 06:42:39,1.0,10.194204414829361
2004-02-15 06:52:39,1.0,10.25609594451634
2004-02-15 07:02:39,0.0,10.45287514006555
2004-02-15 07:12:39,0.0,10.32815151577265
2004-02-15 07:22:39,1.0,9.834645360666405
2004-02-15 07:32:39,0.0,10.469975959531421
2004-02-15 07:42:39,0.0,10.449161612453269
2004-02-15 07:52:39,0.0,10.330473871003555
2004-02-15 08:02:39,0.0,10.317237847214358
2004-02-15 08:12:39,1.0,10.243489049599454
2004-02-15 08:22:39,1.0,10.00482598106545
2004-02-15 08:32:39,0.0,10.46142631752101
2004-02-15 08:42:39,0.0,10.46143348146364
2004-02-15 08:52:39,0.0,10.361913217058424
2004-02-15 09:02:39,0.0,10.546561068821596
2004-02-15 09:12:39,0.0,10.292559025082591
2004-02-15 09:22:39,0.0,10.543593741921072
2004-02-15 09:32:39,0.0,10.35547808254698
2004-02-15 09:42:39,0.0,10.314328887745585
2004-02-15 09:52:39,1.0,10.129413873534343
2004-02-15 10:02:39,0.0,10.503807478050824
2004-02-15 10:12:39,0.0,10.354296417384072
2004-02-15 10:22:39,0.0,10.347722133829988
2004-02-15 10:32:39,0.0,10.3458078111808
2004-02-15 10:42:39,1.0,10.044025111863847
2004-02-15 10:52:39,0.0,10.436559132573283
2004-02-15 11:02:39,0.0,10.365601616651599
2004-02-15 11:12:39,0.0,10.354644686703406
2004-02-15 11:22:39,1.0,10.1616701437844
2004-02-15 11:32:39,1.0,10.235292608230294
2004-02-15 11:42:39,0.0,10.300132632421752
2004-02-15 11:52:39,0.0,10.517562580567006
2004-02-15 12:02:39,0.0,10.286860131990563
2004-02-15 12:12:39,1.0,10.267241000975705
2004-02-15 12:22:39,0.0,10.5375870167324
2004-02-15 12:32:39,1.0,10.233475168237076
2004-02-15 12:42:39,0.0,10.548263035295152
2004-02-15 12:52:39,0.0,10.32973239336541
2004-02-15 13:02:39,0.0,10.292888511701968
2004-02-15 13:12:39,1.0,10.232575336919338
2004-02-15 13:22:39,0.0,10.326989911154799
2004-02-15 13:32:39,0.0,10.470741857565276
2004-02-15 13:42:39,0.0,10.463549600699048
2004-02-15 13:52:39,0.0,10.362655358932962
2004-02-15 14:02:39,0.0,10.469089834489392
2004-02-15 14:12:39,0.0,10.416730894579569
2004-02-15 14:22:39,1.0,10.238946292662876
2004-02-15 14:32:39,1.0,10.142299147368018
2004-02-15 14:42:39,0.0,10.379512390600638
2004-02-15 14:52:39,1.0,10.238060017257625
2004-02-15 15:02:39,0.0,10.400753351062768
2004-02-15 15:12:39,0.0,10.38794128080467
2004-02-15 15:22:39,0.0,10.378124877653855
2004-02-15 15:32:39,0.0,10.583399638230432
2004-02-15 15:42:39,0.0,10.308578354203721
2004-02-15 15:52:39,0.0,10.312556121868246
2004-02-15 16:02:39,1.0,10.02744453751662
2004-02-15 16:12:39,0.0,10.512369274563081
2004-02-15 16:22:39,1.0,10.110229777195402
2004-02-15 16:32:39,0.0,10.51637793896571
2004-02-15 16:42:39,1.0,9.956451877723534
2004-02-15 16:52:39,0.0,10.512072199632208
2004-02-15 17:02:39,0.0,10.336801062329744
2004-02-15 17:12:39,0.0,10.292539592053979
2004-02-15 17:22:39,1.0,9.976733024016832
2004-02-15 17:32:39,0.0,10.332667239293196
2004-02-15 17:42:39,0.0,10.340551443132846
2004-02-15 17:52:39,0.0,10.433061063781178
2004-02-15 18:02:39,1.0,10.16144723483406
2004-02-15 18:12:39,0.0,10.324241950364872
2004-02-15 18:22:39,0.0,10.483431469225978
2004-02-15 18:32:39,1.0,10.05971132506502
2004-02-15 18:42:39,0.0,10.34674991742505
2004-02-15 18:52:39,0.0,10.330400353698119
2004-02-15 19:02:39,1.0,10.183301662577547
2004-02-15 19:12:39,1.0,10.21184029928439
2004-02-15 19:22:39,0.0,10.360096472354218
2004-02-15 19:32:39,1.0,10.093729979102408
2004-02-15 19:42:39,1.0,10.178525079449413
2004-02-15 19:52:39,0.0,10.477365133960843
2004-02-15 20:02:39,1.0,9.942618118629062
2004-02-15 20:12:39,1.0,9.890374114002872
2004-02-15 20:22:39,1.0,10.178530829438072
2004-02-15 20:32:39,1.0,10.16702879859751
2004-02-15 20:42:39,1.0,10.227097121310507
2004-02-15 20:52:39,1.0,9.863580641718219
2004-02-15 21:02:39,1.0,10.047757650134548
2004-02-15 21:12:39,1.0,10.23589566020562
2004-02-15 21:22:39,0.0,10.378924920967805
2004-02-15 21:32:39,0.0,10.395944926788113
2004-02-15 21:42:39,1.0,10.234162692371912
2004-02-15 21:52:39,1.0,9.832813868868145
2004-02-15 22:02:39,1.0,10.2430714029357
2004-02-15 22:12:39,0.0,10.336331892022432
2004-02-15 22:22:39,0.0,10.486364936269746
2004-02-15 22:32:39,0.0,10.327805330207163
2004-02-15 22:42:39,0.0,10.505692275699596
2004-02-15 22:52:39,1.0,10.269915282629343
2004-02-15 23:02:39,0.0,10.440412769087665
2004-02-15 23:12:39,0.0,10.30408139603386
2004-02-15 23:22:39,0.0,10.42747235002862
2004-02-15 23:32:39,0.0,10.377781992445456
2004-02-15 23:42:39,0.0,10.388977001919686
2004-02-15 23:52:39,1.0,9.994426566365792
2004-02-16 00:02:39,0.0,10.389257947753135
2004-02-16 00:12:39,1.0,10.098510356157815
2004-02-16 00:22:39,0.0,10.361370303197553
2004-02-16 00:32:39,1.0,10.197820740680193
2004-02-16 00:42:39,0.0,10.48435336164132
2004-02-16 00:52:39,1.0,10.084388993569037
2004-02-16 01:02:39,1.0,10.27611764191099
2004-02-16 01:12:39,0.0,10.388093568023969
2004-02-16 01:22:39,1.0,10.105009134323184
2004-02-16 01:32:39,1.0,10.252671308739016
2004-02-16 01:42:39,0.0,10.325379786523678
2004-02-16 01:52:39,1.0,10.22878072877627
2004-02-16 02:02:39,1.0,10.130700748251583
2004-02-16 02:12:39,0.0,10.341504653275758
2004-02-16 02:22:39,0.0,10.293677760934159
2004-02-16 02:32:39,0.0,10.422509912237382
2004-02-16 02:42:39,1.0,10.009995936755256
2004-02-16 02:52:39,0.0,10.300643697423423
2004-02-16 03:02:39,1.0,10.266065063779081
2004-02-16 03:12:39,1.0,9.731437341076951
2004-02-16 03:22:39,1.0,9.11393004706
2004-02-16 03:32:39,1.0,8.842501881192078
2004-02-16 03:42:39,1.0,9.042888047787969
2004-02-16 03:52:39,1.0,9.335374624997097
2004-02-16 04:02:39,1.0,8.881573937292893
2004-02-16 04:12:39,1.0,8.142328818036495
2004-02-16 04:22:39,1.0,8.780232313289936
2004-02-16 04:32:39,1.0,9.612252860732372
2004-02-16 04:42:39,1.0,9.253041060405812
2004-02-16 04:52:39,1.0,9.120378975210873
2004-02-16 05:02:39,1.0,8.54528697755882
2004-02-16 05:12:39,1.0,8.833060557102739
2004-02-16 05:22:39,1.0,7.868071530099086
2004-02-16 05:32:39,1.0,8.687508601115876
2004-02-16 05:42:39,1.0,8.588693517424392
2004-02-16 05:52:39,1.0,7.878635739073975
2004-02-16 06:02:39,1.0,7.827128134783325
2004-02-16 06:12:39,1.0,7.462473692142412
2004-02-16 06:22:39,1.0,8.439927405713744
2004-02-16 06:32:39,1.0,8.368742223849628
2004-02-16 06:42:39,1.0,8.045056027613189
2004-02-16 06:52:39,1.0,7.724294096529369
2004-02-16 07:02:39,1.0,7.151092592499342
2004-02-16 07:12:39,1.0,8.088758500934699
2004-02-16 07:22:39,1.0,6.697344871835446
2004-02-16 07:32:39,1.0,8.10581072105134
2004-02-16 07:42:39,1.0,7.285995681405479
2004-02-16 07:52:39,1.0,6.920497146696499
2004-02-16 08:02:39,1.0,7.620684621167131
2004-02-16 08:12:39,1.0,7.589599903328977
2004-02-16 08:22:39,1.0,6.910376835995416
2004-02-16 08:32:39,1.0,8.152116529645747
2004-02-16 08:42:39,1.0,7.307094712829978
2004-02-16 08:52:39,1.0,7.655045955834281
2004-02-16 09:02:39,1.0,7.834227529874016
2004-02-16 09:12:39,1.0,7.759717069363831
2004-02-16 09:22:39,1.0,7.17058600393363
2004-02-16 09:32:39,1.0,7.493719669263073
2004-02-16 09:42:39,1.0,6.622172979444142
2004-02-16 09:52:39,1.0,7.16400495013411
2004-02-16 10:02:39,1.0,7.760610974490693
2004-02-16 10:12:39,1.0,6.733273981658556
2004-02-16 10:22:39,1.0,7.016780896085279
2004-02-16 10:32:39,1.0,7.604471134822102
2004-02-16 10:42:39,1.0,7.18921436501303
2004-02-16 10:52:39,1.0,6.623955638745545
2004-02-16 11:02:39,1.0,5.952636653583527
2004-02-16 11:12:39,1.0,6.558513520524712
2004-02-16 11:22:39,1.0,5.864553906263477
2004-02-16 11:32:39,1.0,6.457082214856551
2004-02-16 11:42:39,1.0,5.7357992181011985
2004-02-16 11:52:39,1.0,7.070420594096815
2004-02-16 12:02:39,1.0,6.444832279037623
2004-02-16 12:12:39,1.0,5.951290064656035
2004-02-16 12:22:39,1.0,5.584983007075415
2004-02-16 12:32:39,1.0,6.6412628748135285
2004-02-16 12:42:39,1.0,5.846080708154339
2004-02-16 12:52:39,1.0,6.055808757019949
2004-02-16 13:02:39,1.0,6.60597211761776
2004-02-16 13:12:39,1.0,6.678338917206165
2004-02-16 13:22:39,1.0,5.749809760082044
2004-02-16 13:32:39,1.0,5.473183718360546
2004-02-16 13:42:39,1.0,6.29098393714235
2004-02-16 13:52:39,1.0,5.7611939558930105
2004-02-16 14:02:39,1.0,6.14627889350322
2004-02-16 14:12:39,1.0,6.271682818068907
2004-02-16 14:22:39,1.0,6.102074075375731
2004-02-16 14:32:39,1.0,6.068129773467168
2004-02-16 14:42:39,1.0,4.800490546772415
2004-02-16 14:52:39,1.0,5.438625332932113
2004-02-16 15:02:39,1.0,5.844754880479934
2004-02-16 15:12:39,1.0,5.814454670356987
2004-02-16 15:22:39,1.0,4.8797385860417535
2004-02-16 15:32:39,1.0,5.145140968647396
2004-02-16 15:42:39,1.0,5.029236646175083
2004-02-16 15:52:39,1.0,4.488594696119048
2004-02-16 16:02:39,1.0,4.218594937490129
2004-02-16 16:12:39,1.0,3.7160069607677473
2004-02-16 16:22:39,1.0,4.3930274753879255
2004-02-16 16:32:39,1.0,4.332750508234531
2004-02-16 16:42:39,1.0,3.990563347588809
2004-02-16 16:52:39,1.0,3.590132717142623
2004-02-16 17:02:39,1.0,3.604382070989354
2004-02-16 17:12:39,1.0,4.5283998497040345
2004-02-16 17:22:39,1.0,4.16531554949013
2004-02-16 17:32:39,1.0,4.208834706944339
2004-02-16 17:42:39,1.0,4.459314700613701
2004-02-16 17:52:39,1.0,5.2398621140616255
2004-02-16 18:02:39,1.0,2.832468799988587
2004-02-16 18:12:39,1.0,4.350055291741885
2004-02-16 18:22:39,1.0,4.173564701787566
2004-02-16 18:32:39,1.0,3.612762382603913
2004-02-16 18:42:39,1.0,3.7158600460953704
2004-02-16 18:52:39,1.0,3.736059344936468
2004-02-16 19:02:39,1.0,3.8086141519095467
2004-02-16 19:12:39,1.0,3.9150070762162175
2004-02-16 19:22:39,1.0,3.9735452605274393
2004-02-16 19:32:39,1.0,5.15815907606447
2004-02-16 19:42:39,1.0,3.186488264008892
2004-02-16 19:52:39,1.0,3.425385869900696
2004-02-16 20:02:39,1.0,4.799731504576024
2004-02-16 20:12:39,1.0,3.749294244728043
2004-02-16 20:22:39,1.0,4.131756119175598
2004-02-16 20:32:39,1.0,3.1718683392251723
2004-02-16 20:42:39,1.0,3.261795982046909
2004-02-16 20:52:39,1.0,4.523030972445091
2004-02-16 21:02:39,1.0,3.302988310134783
2004-02-16 21:12:39,1.0,2.8998555269802058
2004-02-16 21:22:39,1.0,2.716911838376382
2004-02-16 21:32:39,1.0,2.948236301143976
2004-02-16 21:42:39,1.0,3.2490283327973835
2004-02-16 21:52:39,1.0,3.3720720889222493
2004-02-16 22:02:39,1.0,3.5493910915637663
2004-02-16 22:12:39,1.0,3.07051779360891
2004-02-16 22:22:39,1.0,1.9520200760408724
2004-02-16 22:32:39,1.0,1.111467645041003
2004-02-16 22:42:39,1.0,1.447482802489077
2004-02-16 22:52:39,1.0,1.2428073387943286
2004-02-16 23:02:39,1.0,1.1522155391343407
2004-02-16 23:12:39,1.0,1.532966008660054
2004-02-16 23:22:39,1.0,1.2462779712335763
2004-02-16 23:32:39,1.0,1.1126273915827873
2004-02-16 23:42:39,1.0,2.0455324772117134
2004-02-16 23:52:39,1.0,1.0625954437425786
2004-02-17 00:02:39,1.0,1.1284612019844804
2004-02-17 00:12:39,1.0,1.5338045547834955
2004-02-17 00:22:39,1.0,1.334442063171915
2004-02-17 00:32:39,1.0,1.4427736750803195
2004-02-17 00:42:39,1.0,1.0236228078067313
2004-02-17 00:52:39,1.0,0.949258221838928
2004-02-17 01:02:39,1.0,1.2964511801414087
2004-02-17 01:12:39,1.0,1.5594940652734461
2004-02-17 01:22:39,1.0,1.114803744928457
2004-02-17 01:32:39,1.0,0.9690518934063341
2004-02-17 01:42:39,1.0,1.3248294316708247
2004-02-17 01:52:39,1.0,1.6248825658696706
2004-02-17 02:02:39,1.0,0.9677248075936564
2004-02-17 02:12:39,1.0,1.0575948408683935
2004-02-17 02:22:39,1.0,1.3417896646941045
2004-02-17 02:32:39,1.0,1.8390638144478793
2004-02-17 02:42:39,1.0,2.0995000842159595
2004-02-17 02:52:39,1.0,1.353018150373444
2004-02-17 03:02:39,1.0,1.8925036496852705
2004-02-17 03:12:39,1.0,1.4735187776516128
2004-02-17 03:22:39,1.0,1.2494750688418161
2004-02-17 03:32:39,1.0,1.228566918246722
2004-02-17 03:42:39,1.0,1.7891914552131265
2004-02-17 03:52:39,1.0,1.5412235249968447
2004-02-17 04:02:39,1.0,1.4356753758766558
2004-02-17 04:12:39,1.0,1.4227616365498665
2004-02-17 04:22:39,1.0,1.4432574385897823
2004-02-17 04:32:39,1.0,1.2703627555049746
2004-02-17 04:42:39,1.0,1.0230136503012304
2004-02-17 04:52:39,1.0,1.1125316212689746
2004-02-17 05:02:39,1.0,1.3344665501352218
2004-02-17 05:12:39,1.0,1.3401654495082322
2004-02-17 05:22:39,1.0,1.2357625158376777
2004-02-17 05:32:39,1.0,1.363278804293003
2004-02-17 05:42:39,1.0,1.0508786467540592
2004-02-17 05:52:39,1.0,1.048845204376704
2004-02-17 06:02:39,1.0,0.9052580905916887
2004-02-17 06:12:39,1.0,1.2141009236018387
2004-02-17 06:22:39,1.0,1.3093915819016626
2004-02-17 06:32:39,1.0,1.0828437088805458
2004-02-17 06:42:39,1.0,0.8559874273946075
2004-02-17 06:52:39,1.0,1.1523792670144672
2004-02-17 07:02:39,1.0,0.6519292643796764
2004-02-17 07:12:39,1.0,0.40087213742447503
2004-02-17 07:22:39,1.0,0.11172651556517721
2004-02-17 07:32:39,1.0,6.428261585256223e-07
2004-02-17 07:42:39,1.0,8.165824283423717e-08
2004-02-17 07:52:39,1.0,6.070700386828776e-08
2004-02-17 08:02:39,1.0,1.8393731160415427e-07
2004-02-17 08:12:39,1.0,3.559814913955961e-07
2004-02-17 08:22:39,1.0,4.593880298386921e-08
2004-02-17 08:32:39,1.0,3.403542816471372e-07
2004-02-17 08:42:39,1.0,1.4386452740211553e-06
2004-02-17 08:52:39,1.0,4.03108710855804e-08
2004-02-17 09:02:39,1.0,2.709726452110317e-07
2004-02-17 09:12:39,1.0,2.738369886401415e-07
2004-02-17 09:22:39,1.0,1.9484043001227747e-07
2004-02-17 09:32:39,1.0,1.5000611597315583e-07
2004-02-17 09:42:39,1.0,2.0380586462920292e-07
2004-02-17 09:52:39,1.0,2.767152476934598e-06
2004-02-17 10:02:39,1.0,1.2083696443454528e-06
2004-02-17 10:12:39,1.0,1.1291667973978292e-06
2004-02-17 10:22:39,1.0,3.1798072797073473e-07
2004-02-17 10:32:39,1.0,1.9061379710194615e-06
2004-02-17 10:42:39,1.0,1.030936646273517e-06
2004-02-17 10:52:39,1.0,2.7035145624410006e-06
2004-02-17 11:02:39,1.0,1.6669300872962367e-06
2004-02-17 11:12:39,1.0,2.763202640920781e-06
2004-02-17 11:22:39,1.0,2.43809061828415e-07
2004-02-17 11:32:39,1.0,3.355851809772048e-07
2004-02-17 11:42:39,1.0,1.12507481375701e-06
2004-02-17 11:52:39,1.0,1.3306675086255382e-06
2004-02-17 12:02:39,1.0,7.108183641690857e-07
2004-02-17 12:12:39,1.0,6.25278206101143e-07
2004-02-17 12:22:39,1.0,2.613515268379274e-05
2004-02-17 12:32:39,1.0,2.832547883357961e-06
2004-02-17 12:42:39,1.0,1.8310818163058684e-05
2004-02-17 12:52:39,1.0,1.117861798327624e-05
2004-02-17 13:02:39,1.0,2.8572239672897126e-05
2004-02-17 13:12:39,1.0,2.370181512212355e-05
2004-02-17 13:22:39,1.0,1.5586300408543252e-05
2004-02-17 13:32:39,1.0,0.0004694225633041782
2004-02-17 13:42:39,1.0,0.0012256532553944766
2004-02-17 13:52:39,1.0,0.00011331821899140948
2004-02-17 14:02:39,1.0,0.00036152806638156676
2004-02-17 14:12:39,1.0,0.00038402463368036877
2004-02-17 14:22:39,1.0,0.0023370609247415075
2004-02-17 14:32:39,1.0,0.001176106452211556
2004-02-17 14:42:39,1.0,0.001539655663924222
2004-02-17 14:52:39,1.0,0.0006231576902511193
2004-02-17 15:02:39,1.0,0.0019282408174561283
2004-02-17 15:12:39,1.0,0.0009271942664490496
2004-02-17 15:22:39,1.0,0.011177061863568483
2004-02-17 15:32:39,1.0,0.000946049135363225
2004-02-17 15:42:39,1.0,0.0017871989334796723
2004-02-17 15:52:39,1.0,0.005447342476987416
2004-02-17 16:02:39,1.0,0.0032890295044936124
2004-02-17 16:12:39,1.0,0.005078723857087297
2004-02-17 16:22:39,1.0,0.009342279400444298
2004-02-17 16:32:39,1.0,0.020960911695221185
2004-02-17 16:42:39,1.0,0.03917212505766976
2004-02-17 16:52:39,1.0,0.033065232486702456
2004-02-17 17:02:39,1.0,0.04804713554973361
2004-02-17 17:12:39,1.0,0.06515884325662213
2004-02-17 17:22:39,1.0,0.0929415379932017
2004-02-17 17:32:39,1.0,0.13791441899340917
2004-02-17 17:42:39,1.0,0.1774193763151768
2004-02-17 17:52:39,1.0,0.3663833809486601
2004-02-17 18:02:39,1.0,0.44928812263002094
2004-02-17 18:12:39,1.0,0.47986258266710635
2004-02-17 18:22:39,1.0,0.4854302458339994
2004-02-17 18:32:39,1.0,0.4601071606790761
2004-02-17 18:42:39,1.0,0.5260172754180079
2004-02-17 18:52:39,1.0,0.546966673254067
2004-02-17 19:02:39,1.0,0.806620254948621
2004-02-17 19:12:39,1.0,0.7521804828816894
2004-02-17 19:22:39,1.0,0.7710436842217678
2004-02-17 19:32:39,1.0,1.0969789666388188
2004-02-17 19:42:39,1.0,1.233449884572524
2004-02-17 19:52:39,1.0,0.816011336876846
2004-02-17 20:02:39,1.0,0.9926489079046199
2004-02-17 20:12:39,1.0,1.2297416847086673
2004-02-17 20:22:39,1.0,1.4215149055940106
2004-02-17 20:32:39,1.0,1.3863227174769133
2004-02-17 20:42:39,1.0,2.3345135318705132
2004-02-17 20:52:39,1.0,1.4204726462194284
2004-02-17 21:02:39,1.0,1.7772283963138094
2004-02-17 21:12:39,1.0,1.9093986680826252
2004-02-17 21:22:39,1.0,2.198826420935534
2004-02-17 21:32:39,1.0,1.4747871591107842
2004-02-17 21:42:39,1.0,2.1982327272922966
2004-02-17 21:52:39,1.0,1.309032229579227
2004-02-17 22:02:39,1.0,1.9674275300737953
2004-02-17 22:12:39,1.0,2.0906913258399875
2004-02-17 22:22:39,1.0,1.604219204506812
2004-02-17 22:32:39,1.0,1.4877980745604198
2004-02-17 22:42:39,1.0,1.4177060712117573
2004-02-17 22:52:39,1.0,1.0579693372447316
2004-02-17 23:02:39,1.0,1.0779483285847498
2004-02-17 23:12:39,1.0,1.3132927836243447
2004-02-17 23:22:39,1.0,1.0528479250969482
2004-02-17 23:32:39,1.0,1.7234055589263892
2004-02-17 23:42:39,1.0,1.0095498629669297
2004-02-17 23:52:39,1.0,0.9815388868485488
2004-02-18 00:02:39,1.0,1.0900726569016612
2004-02-18 00:12:39,1.0,0.9548861419549972
2004-02-18 00:22:39,1.0,1.1188814426511051
2004-02-18 00:32:39,1.0,0.6170790076368391
2004-02-18 00:42:39,1.0,0.8612055136865191
2004-02-18 00:52:39,1.0,0.7112981824899052
2004-02-18 01:02:39,1.0,0.5341441429063369
2004-02-18 01:12:39,1.0,0.44707908831538035
2004-02-18 01:22:39,1.0,0.7259320797496649
2004-02-18 01:32:39,1.0,0.5399517483367013
2004-02-18 01:42:39,1.0,0.6085751118273723
2004-02-18 01:52:39,1.0,0.7411884112962834
2004-02-18 02:02:39,1.0,0.7017320553963078
2004-02-18 02:12:39,1.0,0.5994446050749289
2004-02-18 02:22:39,1.0,0.5098455505746848
2004-02-18 02:32:39,1.0,0.5123073599611754
2004-02-18 02:42:39,1.0,0.46248128511129316
2004-02-18 02:52:39,1.0,0.48363942827065287
2004-02-18 03:02:39,1.0,0.34638040944496673
2004-02-18 03:12:39,1.0,0.2829435954850723
2004-02-18 03:22:39,1.0,0.46587779133683505
2004-02-18 03:32:39,1.0,0.3253526082100997
2004-02-18 03:42:39,1.0,0.0015378848235858555
2004-02-18 03:52:39,1.0,0.0012560445224796268
2004-02-18 04:02:39,1.0,0.0024420166530152443
2004-02-18 04:12:39,1.0,0.00030846111148008504
2004-02-18 04:22:39,1.0,0.0012480335611577686
2004-02-18 04:32:39,1.0,0.0003022694855605579
2004-02-18 04:42:39,1.0,0.0001054398153943481
2004-02-18 04:52:39,1.0,0.0003631811064686019
2004-02-18 05:02:39,1.0,5.713566904752554e-05
2004-02-18 05:12:39,1.0,9.8383766996335e-05
2004-02-18 05:22:39,1.0,2.4109066199429208e-05
2004-02-18 05:32:39,1.0,2.9007227464461494e-05
2004-02-18 05:42:39,1.0,2.3388459204909395e-06
2004-02-18 05:52:39,1.0,9.766981053260793e-06
2004-02-18 06:02:39,1.0,1.5043155094929261e-06
2004-02-18 06:12:39,1.0,4.787021232743882e-07
2004-02-18 06:22:39,1.0,5.457523766239092e-07
2004-02-18 06:32:39,1.0,5.829669174062246e-07
2004-02-18 06:42:39,1.0,5.199364263575035e-07
2004-02-18 06:52:39,1.0,2.0261888344919043e-07
2004-02-18 07:02:39,1.0,2.3395986481489217e-07
2004-02-18 07:12:39,1.0,1.745495108451678e-07
2004-02-18 07:22:39,1.0,1.0318247234408773e-07
2004-02-18 07:32:39,1.0,1.8212043784160414e-07
2004-02-18 07:42:39,1.0,5.602467396670363e-07
2004-02-18 07:52:39,1.0,1.900470714133462e-08
2004-02-18 08:02:39,1.0,4.459753455421378e-09
2004-02-18 08:12:39,1.0,6.887908909902762e-09
2004-02-18 08:22:39,1.0,4.670965836339747e-09
2004-02-18 08:32:39,1.0,4.379719342750832e-08
2004-02-18 08:42:39,1.0,3.540402300217238e-07
2004-02-18 08:52:39,1.0,9.00791283342528e-07
2004-02-18 09:02:39,1.0,3.132830137531073e-07
2004-02-18 09:12:39,1.0,1.5168687639288692e-07
2004-02-18 09:22:39,1.0,1.5544237896847335e-08
2004-02-18 09:32:39,1.0,3.087142310675972e-07
2004-02-18 09:42:39,1.0,9.290029723274529e-07
2004-02-18 09:52:39,1.0,2.4103857398927175e-07
2004-02-18 10:02:39,1.0,9.943576237958496e-07
2004-02-18 10:12:39,1.0,4.754456384148398e-08
2004-02-18 10:22:39,1.0,1.3817524369130751e-07
2004-02-18 10:32:39,1.0,4.565914402121507e-07
2004-02-18 10:42:39,1.0,6.990053513789007e-07
2004-02-18 10:52:39,1.0,7.694974096139617e-06
2004-02-18 11:02:39,1.0,2.0505000572157428e-05
2004-02-18 11:12:39,1.0,3.160799521140234e-05
2004-02-18 11:22:39,1.0,2.7857813007514665e-05
2004-02-18 11:32:39,1.0,2.3456967081614266e-05
2004-02-18 11:42:39,1.0,3.5002116696603025e-05
2004-02-18 11:52:39,1.0,8.101410564620437e-08
2004-02-18 12:02:39,1.0,1.4592046682082582e-08
2004-02-18 12:12:39,1.0,3.78879907003693e-07
2004-02-18 12:22:39,1.0,6.60622763604124e-07
2004-02-18 12:32:39,1.0,4.207242323417404e-07
2004-02-18 12:42:39,1.0,3.025977525439316e-06
2004-02-18 12:52:39,1.0,1.114271289459623e-05
2004-02-18 13:02:39,1.0,4.6919167608905354e-06
2004-02-18 13:12:39,1.0,1.5669240163163067e-06
2004-02-18 13:22:39,1.0,7.633178828569953e-06
2004-02-18 13:32:39,1.0,1.514102276622964e-05
2004-02-18 13:42:39,1.0,5.738061689797291e-06
2004-02-18 13:52:39,1.0,1.7145434298981854e-06
2004-02-18 14:02:39,1.0,1.2209710309463162e-06
2004-02-18 14:12:39,1.0,1.664319199790043e-06
2004-02-18 14:22:39,1.0,2.211472169832973e-06
2004-02-18 14:32:39,1.0,1.902533060871292e-06
2004-02-18 14:42:39,1.0,7.353506425999967e-08
2004-02-18 14:52:39,1.0,1.4118444777722061e-06
2004-02-18 15:02:39,1.0,6.597975830935354e-05
2004-02-18 15:12:39,1.0,0.00024207067639636648
2004-02-18 15:22:39,1.0,0.0006222876048340709
2004-02-18 15:32:39,1.0,0.0026134980744796366
2004-02-18 15:42:39,1.0,0.002845969268520321
2004-02-18 15:52:39,1.0,0.004134270125200956
2004-02-18 16:02:39,1.0,0.008418466498822497
2004-02-18 16:12:39,1.0,0.004101631751684209
2004-02-18 16:22:39,1.0,0.006214915507126051
2004-02-18 16:32:39,1.0,0.0060468251293421815
2004-02-18 16:42:39,1.0,0.000668520103616288
2004-02-18 16:52:39,1.0,0.00038302652318655817
2004-02-18 17:02:39,1.0,2.9324052785995036e-06
2004-02-18 17:12:39,1.0,1.813266887751297e-07
2004-02-18 17:22:39,1.0,1.0629630509129129e-09
2004-02-18 17:32:39,1.0,3.709033080667723e-12
2004-02-18 17:42:39,1.0,3.7836400679225335e-13
2004-02-18 17:52:39,1.0,1.1191048088221578e-13
2004-02-18 18:02:39,1.0,1.687538997430238e-13
2004-02-18 18:12:39,1.0,6.050271394997253e-12
2004-02-18 18:22:39,1.0,3.566391626463883e-10
2004-02-18 18:32:39,1.0,3.7054803669889225e-12
2004-02-18 18:42:39,1.0,2.3305801732931286e-12
2004-02-18 18:52:39,1.0,2.085442929455894e-12
2004-02-18 19:02:39,1.0,0.0
2004-02-18 19:12:39,1.0,1.5631940186722204e-13
2004-02-18 19:22:39,1.0,6.076916747588257e-12
2004-02-18 19:32:39,1.0,9.325873406851315e-13
2004-02-18 19:42:39,1.0,1.0698997243707709e-11
2004-02-18 19:52:39,1.0,2.113864638886298e-13
2004-02-18 20:02:39,1.0,1.1084466677857563e-12
2004-02-18 20:12:39,1.0,0.0
2004-02-18 20:22:39,1.0,0.0
2004-02-18 20:32:39,1.0,1.4210854715202004e-14
2004-02-18 20:42:39,1.0,1.7763568394002505e-14
2004-02-18 20:52:39,1.0,2.0481394358284888e-12
2004-02-18 21:02:39,1.0,2.4344970483980433e-10
2004-02-18 21:12:39,1.0,1.7852386235972517e-12
2004-02-18 21:22:39,1.0,0.0
2004-02-18 21:32:39,1.0,6.927791673660977e-14
2004-02-18 21:42:39,1.0,0.0
2004-02-18 21:52:39,1.0,0.0
2004-02-18 22:02:39,1.0,0.0
2004-02-18 22:12:39,1.0,0.0
2004-02-18 22:22:39,1.0,0.0
2004-02-18 22:32:39,1.0,0.0
2004-02-18 22:42:39,1.0,0.0
2004-02-18 22:52:39,1.0,0.0
2004-02-18 23:02:39,1.0,5.329070518200751e-15
2004-02-18 23:12:39,1.0,1.2434497875801753e-14
2004-02-18 23:22:39,1.0,0.0
2004-02-18 23:32:39,1.0,0.0
2004-02-18 23:42:39,1.0,0.0
2004-02-18 23:52:39,1.0,0.0
2004-02-19 00:02:39,1.0,0.0
2004-02-19 00:12:39,1.0,0.0
2004-02-19 00:22:39,1.0,0.0
2004-02-19 00:32:39,1.0,6.927791673660977e-14
2004-02-19 00:42:39,1.0,6.750155989720952e-14
2004-02-19 00:52:39,1.0,0.0
2004-02-19 01:02:39,1.0,0.0
2004-02-19 01:12:39,1.0,0.0
2004-02-19 01:22:39,1.0,0.0
2004-02-19 01:32:39,1.0,0.0
2004-02-19 01:42:39,1.0,0.0
2004-02-19 01:52:39,1.0,0.0
2004-02-19 02:02:39,1.0,0.0
2004-02-19 02:12:39,1.0,0.0
2004-02-19 02:22:39,1.0,0.0
2004-02-19 02:32:39,1.0,0.0
2004-02-19 02:42:39,1.0,0.0
2004-02-19 02:52:39,1.0,0.0
2004-02-19 03:02:39,1.0,0.0
2004-02-19 03:12:39,1.0,0.0
2004-02-19 03:22:39,1.0,0.0
2004-02-19 03:32:39,1.0,0.0
2004-02-19 03:42:39,1.0,0.0
2004-02-19 03:52:39,1.0,0.0
2004-02-19 04:02:39,1.0,0.0
2004-02-19 04:12:39,1.0,0.0
2004-02-19 04:22:39,1.0,0.0
2004-02-19 04:32:39,1.0,0.0
2004-02-19 04:42:39,1.0,0.0
2004-02-19 04:52:39,1.0,0.0
2004-02-19 05:02:39,1.0,0.0
2004-02-19 05:12:39,1.0,0.0
2004-02-19 05:22:39,1.0,0.0
2004-02-19 05:32:39,1.0,0.0
2004-02-19 05:42:39,1.0,0.0
2004-02-19 05:52:39,1.0,0.0
2004-02-19 06:02:39,1.0,0.0
2004-02-19 06:12:39,1.0,0.0
2004-02-19 06:22:39,1.0,0.0
