,Mob dist,Thresh,Anomaly
2004-02-12 11:02:39,1.6670019566427143,3.8120454918056534,False
2004-02-12 11:12:39,1.6994150233671799,3.8120454918056534,False
2004-02-12 11:22:39,2.6719683661416207,3.8120454918056534,False
2004-02-12 11:32:39,1.4246173832152742,3.8120454918056534,False
2004-02-12 11:42:39,1.6246007732283816,3.8120454918056534,False
2004-02-12 11:52:39,2.644238311463486,3.8120454918056534,False
2004-02-12 12:02:39,1.9877150122800349,3.8120454918056534,False
2004-02-12 12:12:39,1.7865363354696624,3.8120454918056534,False
2004-02-12 12:22:39,1.3190398892542736,3.8120454918056534,False
2004-02-12 12:32:39,1.502585342665342,3.8120454918056534,False
2004-02-12 12:42:39,1.496748066961159,3.8120454918056534,False
2004-02-12 12:52:39,1.0501458254238907,3.8120454918056534,False
2004-02-12 13:02:39,1.0423817288610882,3.8120454918056534,False
2004-02-12 13:12:39,1.9182141346669768,3.8120454918056534,False
2004-02-12 13:22:39,1.5923886642513398,3.8120454918056534,False
2004-02-12 13:32:39,1.1056954774939194,3.8120454918056534,False
2004-02-12 13:42:39,1.79808863416538,3.8120454918056534,False
2004-02-12 13:52:39,1.296266501786681,3.8120454918056534,False
2004-02-12 14:02:39,2.282080985429857,3.8120454918056534,False
2004-02-12 14:12:39,2.4294511863718085,3.8120454918056534,False
2004-02-12 14:22:39,2.3042084460854735,3.8120454918056534,False
2004-02-12 14:32:39,2.4630265822980166,3.8120454918056534,False
2004-02-12 14:42:39,1.4119732700888719,3.8120454918056534,False
2004-02-12 14:52:39,0.9889674764196291,3.8120454918056534,False
2004-02-12 15:02:39,1.1847167931004752,3.8120454918056534,False
2004-02-12 15:12:39,1.9672665200488757,3.8120454918056534,False
2004-02-12 15:22:39,1.0146401083043344,3.8120454918056534,False
2004-02-12 15:32:39,2.1108162743194803,3.8120454918056534,False
2004-02-12 15:42:39,2.3064880964528474,3.8120454918056534,False
2004-02-12 15:52:39,0.09776187292432428,3.8120454918056534,False
2004-02-12 16:02:39,1.8046076338835022,3.8120454918056534,False
2004-02-12 16:12:39,2.0481893149081993,3.8120454918056534,False
2004-02-12 16:22:39,0.45427991946497287,3.8120454918056534,False
2004-02-12 16:32:39,0.8663650298492644,3.8120454918056534,False
2004-02-12 16:42:39,2.088459661842252,3.8120454918056534,False
2004-02-12 16:52:39,1.1640335682047953,3.8120454918056534,False
2004-02-12 17:02:39,1.942778627027233,3.8120454918056534,False
2004-02-12 17:12:39,1.710136531670819,3.8120454918056534,False
2004-02-12 17:22:39,1.0973578432211057,3.8120454918056534,False
2004-02-12 17:32:39,0.7188786998104033,3.8120454918056534,False
2004-02-12 17:42:39,0.5205877886049346,3.8120454918056534,False
2004-02-12 17:52:39,1.3241303007943404,3.8120454918056534,False
2004-02-12 18:02:39,0.10921512111196288,3.8120454918056534,False
2004-02-12 18:12:39,1.744803120194246,3.8120454918056534,False
2004-02-12 18:22:39,1.1275735717191335,3.8120454918056534,False
2004-02-12 18:32:39,1.4857142580552323,3.8120454918056534,False
2004-02-12 18:42:39,0.785955884741466,3.8120454918056534,False
2004-02-12 18:52:39,1.302683276550673,3.8120454918056534,False
2004-02-12 19:02:39,1.4201065609021506,3.8120454918056534,False
2004-02-12 19:12:39,1.0979515796204076,3.8120454918056534,False
2004-02-12 19:22:39,2.4330832484962692,3.8120454918056534,False
2004-02-12 19:32:39,0.9600509014772096,3.8120454918056534,False
2004-02-12 19:42:39,1.3664106111390646,3.8120454918056534,False
2004-02-12 19:52:39,0.43190117937547334,3.8120454918056534,False
2004-02-12 20:02:39,1.6681096047723178,3.8120454918056534,False
2004-02-12 20:12:39,2.2443457981161705,3.8120454918056534,False
2004-02-12 20:22:39,2.2009456514467622,3.8120454918056534,False
2004-02-12 20:32:39,1.1743742706887808,3.8120454918056534,False
2004-02-12 20:42:39,1.7322839941724892,3.8120454918056534,False
2004-02-12 20:52:39,2.0574204459632512,3.8120454918056534,False
2004-02-12 21:02:39,0.9077194476396918,3.8120454918056534,False
2004-02-12 21:12:39,0.579547398213041,3.8120454918056534,False
2004-02-12 21:22:39,0.8081856307402765,3.8120454918056534,False
2004-02-12 21:32:39,1.1158300084926842,3.8120454918056534,False
2004-02-12 21:42:39,0.7870648221882853,3.8120454918056534,False
2004-02-12 21:52:39,1.5821423619440418,3.8120454918056534,False
2004-02-12 22:02:39,0.5232440439223859,3.8120454918056534,False
2004-02-12 22:12:39,1.0093038414710178,3.8120454918056534,False
2004-02-12 22:22:39,0.8078670114437833,3.8120454918056534,False
2004-02-12 22:32:39,1.5686468788076149,3.8120454918056534,False
2004-02-12 22:42:39,1.656771745432144,3.8120454918056534,False
2004-02-12 22:52:39,1.858729712280205,3.8120454918056534,False
2004-02-12 23:02:39,1.2296383216205287,3.8120454918056534,False
2004-02-12 23:12:39,0.35641792808207795,3.8120454918056534,False
2004-02-12 23:22:39,0.8049033352040204,3.8120454918056534,False
2004-02-12 23:32:39,1.6501900055434,3.8120454918056534,False
2004-02-12 23:42:39,1.1100369683287892,3.8120454918056534,False
2004-02-12 23:52:39,1.7976963476461343,3.8120454918056534,False
2004-02-13 00:02:39,1.3189178376684498,3.8120454918056534,False
2004-02-13 00:12:39,0.05694690834877185,3.8120454918056534,False
2004-02-13 00:22:39,1.4953580879093802,3.8120454918056534,False
2004-02-13 00:32:39,0.3623051739111776,3.8120454918056534,False
2004-02-13 00:42:39,1.2222490046044836,3.8120454918056534,False
2004-02-13 00:52:39,1.0201140995228515,3.8120454918056534,False
2004-02-13 01:02:39,1.880873312719166,3.8120454918056534,False
2004-02-13 01:12:39,1.3247307127793206,3.8120454918056534,False
2004-02-13 01:22:39,1.3261661446606074,3.8120454918056534,False
2004-02-13 01:32:39,1.1117190433615858,3.8120454918056534,False
2004-02-13 01:42:39,0.19376562052933632,3.8120454918056534,False
2004-02-13 01:52:39,1.6504398516550463,3.8120454918056534,False
2004-02-13 02:02:39,1.2932745776923347,3.8120454918056534,False
2004-02-13 02:12:39,1.0164062448834383,3.8120454918056534,False
2004-02-13 02:22:39,0.36612577166398524,3.8120454918056534,False
2004-02-13 02:32:39,0.9402193981118597,3.8120454918056534,False
2004-02-13 02:42:39,1.0427900702398076,3.8120454918056534,False
2004-02-13 02:52:39,1.9388833027847916,3.8120454918056534,False
2004-02-13 03:02:39,0.9695683281495269,3.8120454918056534,False
2004-02-13 03:12:39,0.1862658337125963,3.8120454918056534,False
2004-02-13 03:22:39,0.9625044816793078,3.8120454918056534,False
2004-02-13 03:32:39,0.2926494575702622,3.8120454918056534,False
2004-02-13 03:42:39,1.0344563380073806,3.8120454918056534,False
2004-02-13 03:52:39,0.8782411724293315,3.8120454918056534,False
2004-02-13 04:02:39,1.2910511957746384,3.8120454918056534,False
2004-02-13 04:12:39,0.6510828178045737,3.8120454918056534,False
2004-02-13 04:22:39,0.9711208532779466,3.8120454918056534,False
2004-02-13 04:32:39,0.9733920847002535,3.8120454918056534,False
2004-02-13 04:42:39,1.5769094296369472,3.8120454918056534,False
2004-02-13 04:52:39,0.6031721289132609,3.8120454918056534,False
2004-02-13 05:02:39,1.3559533342260952,3.8120454918056534,False
2004-02-13 05:12:39,1.8087634945897912,3.8120454918056534,False
2004-02-13 05:22:39,0.7543722839839988,3.8120454918056534,False
2004-02-13 05:32:39,0.8571787106896162,3.8120454918056534,False
2004-02-13 05:42:39,1.015462953377405,3.8120454918056534,False
2004-02-13 05:52:39,1.2488490923216202,3.8120454918056534,False
2004-02-13 06:02:39,0.8156462320019541,3.8120454918056534,False
2004-02-13 06:12:39,1.7351553757816047,3.8120454918056534,False
2004-02-13 06:22:39,0.18613182369540263,3.8120454918056534,False
2004-02-13 06:32:39,1.1807090485224123,3.8120454918056534,False
2004-02-13 06:42:39,1.8438263975810143,3.8120454918056534,False
2004-02-13 06:52:39,0.6839524714840098,3.8120454918056534,False
2004-02-13 07:02:39,0.9775993983580215,3.8120454918056534,False
2004-02-13 07:12:39,1.5723326477516064,3.8120454918056534,False
2004-02-13 07:22:39,0.17619154650985636,3.8120454918056534,False
2004-02-13 07:32:39,1.814155455972954,3.8120454918056534,False
2004-02-13 07:42:39,0.8447874509316745,3.8120454918056534,False
2004-02-13 07:52:39,0.7518659663257959,3.8120454918056534,False
2004-02-13 08:02:39,1.697470835027187,3.8120454918056534,False
2004-02-13 08:12:39,0.6626441654719891,3.8120454918056534,False
2004-02-13 08:22:39,0.7147780444757523,3.8120454918056534,False
2004-02-13 08:32:39,1.1639219843646078,3.8120454918056534,False
2004-02-13 08:42:39,1.7560271265879186,3.8120454918056534,False
2004-02-13 08:52:39,0.37088867715959345,3.8120454918056534,False
2004-02-13 09:02:39,1.4264873025046663,3.8120454918056534,False
2004-02-13 09:12:39,1.0524640567661059,3.8120454918056534,False
2004-02-13 09:22:39,0.3175683682373499,3.8120454918056534,False
2004-02-13 09:32:39,1.3928913113342785,3.8120454918056534,False
2004-02-13 09:42:39,2.2984272776253056,3.8120454918056534,False
2004-02-13 09:52:39,1.0365841990716598,3.8120454918056534,False
2004-02-13 10:02:39,0.1320402575462781,3.8120454918056534,False
2004-02-13 10:12:39,0.22781240703777236,3.8120454918056534,False
2004-02-13 10:22:39,0.6910632582344675,3.8120454918056534,False
2004-02-13 10:32:39,0.7162004063997217,3.8120454918056534,False
2004-02-13 10:42:39,1.3001449581751348,3.8120454918056534,False
2004-02-13 10:52:39,0.7321812257722856,3.8120454918056534,False
2004-02-13 11:02:39,2.311870493554924,3.8120454918056534,False
2004-02-13 11:12:39,1.4088552507011771,3.8120454918056534,False
2004-02-13 11:22:39,0.9090657197578683,3.8120454918056534,False
2004-02-13 11:32:39,1.7236415517687704,3.8120454918056534,False
2004-02-13 11:42:39,0.904695773584842,3.8120454918056534,False
2004-02-13 11:52:39,0.24841844367046687,3.8120454918056534,False
2004-02-13 12:02:39,1.178006896029628,3.8120454918056534,False
2004-02-13 12:12:39,0.7572270488298403,3.8120454918056534,False
2004-02-13 12:22:39,1.0220562845048358,3.8120454918056534,False
2004-02-13 12:32:39,1.3391934769942115,3.8120454918056534,False
2004-02-13 12:42:39,0.6799004699602484,3.8120454918056534,False
2004-02-13 12:52:39,1.4289006186323316,3.8120454918056534,False
2004-02-13 13:02:39,0.374312932440844,3.8120454918056534,False
2004-02-13 13:12:39,1.54275594061762,3.8120454918056534,False
2004-02-13 13:22:39,0.9270571083525514,3.8120454918056534,False
2004-02-13 13:32:39,1.6892956105837769,3.8120454918056534,False
2004-02-13 13:42:39,0.675553423224491,3.8120454918056534,False
2004-02-13 13:52:39,1.7314544282546245,3.8120454918056534,False
2004-02-13 14:02:39,1.7082572608830577,3.8120454918056534,False
2004-02-13 14:12:39,0.2082247685089421,3.8120454918056534,False
2004-02-13 14:22:39,0.2728786933157918,3.8120454918056534,False
2004-02-13 14:32:39,0.8096007989533007,3.8120454918056534,False
2004-02-13 14:42:39,2.067010465828814,3.8120454918056534,False
2004-02-13 14:52:39,1.72983637694105,3.8120454918056534,False
2004-02-13 15:02:39,0.4090505288831753,3.8120454918056534,False
2004-02-13 15:12:39,1.5256915230544397,3.8120454918056534,False
2004-02-13 15:22:39,1.9355875517360284,3.8120454918056534,False
2004-02-13 15:32:39,1.5809381775277027,3.8120454918056534,False
2004-02-13 15:42:39,1.1801624022942732,3.8120454918056534,False
2004-02-13 15:52:39,0.48266704986711323,3.8120454918056534,False
2004-02-13 16:02:39,1.464682030074216,3.8120454918056534,False
2004-02-13 16:12:39,2.0109070914828098,3.8120454918056534,False
2004-02-13 16:22:39,1.7980630028400233,3.8120454918056534,False
2004-02-13 16:32:39,1.407576674696952,3.8120454918056534,False
2004-02-13 16:42:39,0.47403065007381645,3.8120454918056534,False
2004-02-13 16:52:39,2.2758860013642086,3.8120454918056534,False
2004-02-13 17:02:39,0.3476418945564657,3.8120454918056534,False
2004-02-13 17:12:39,1.166542160050965,3.8120454918056534,False
2004-02-13 17:22:39,0.5384476407199974,3.8120454918056534,False
2004-02-13 17:32:39,0.35774770935897454,3.8120454918056534,False
2004-02-13 17:42:39,3.1834502955380977,3.8120454918056534,False
2004-02-13 17:52:39,2.1349560688917815,3.8120454918056534,False
2004-02-13 18:02:39,1.3980929063953955,3.8120454918056534,False
2004-02-13 18:12:39,2.270707833058441,3.8120454918056534,False
2004-02-13 18:22:39,1.1701784629921417,3.8120454918056534,False
2004-02-13 18:32:39,1.7046578653784485,3.8120454918056534,False
2004-02-13 18:42:39,1.6369716481969911,3.8120454918056534,False
2004-02-13 18:52:39,1.0047969861223525,3.8120454918056534,False
2004-02-13 19:02:39,1.236123024743611,3.8120454918056534,False
2004-02-13 19:12:39,1.6152477225692503,3.8120454918056534,False
2004-02-13 19:22:39,2.83284673429283,3.8120454918056534,False
2004-02-13 19:32:39,0.7687920525925926,3.8120454918056534,False
2004-02-13 19:42:39,1.3255039625122527,3.8120454918056534,False
2004-02-13 19:52:39,0.7445019936671678,3.8120454918056534,False
2004-02-13 20:02:39,1.130294017343064,3.8120454918056534,False
2004-02-13 20:12:39,1.2015475255426027,3.8120454918056534,False
2004-02-13 20:22:39,0.9417844809287654,3.8120454918056534,False
2004-02-13 20:32:39,1.5881824829899234,3.8120454918056534,False
2004-02-13 20:42:39,1.7013404270977865,3.8120454918056534,False
2004-02-13 20:52:39,1.5510129417951075,3.8120454918056534,False
2004-02-13 21:02:39,1.5848723205088682,3.8120454918056534,False
2004-02-13 21:12:39,2.392897802939549,3.8120454918056534,False
2004-02-13 21:22:39,2.132705188904922,3.8120454918056534,False
2004-02-13 21:32:39,2.110358469077124,3.8120454918056534,False
2004-02-13 21:42:39,1.6759902743988004,3.8120454918056534,False
2004-02-13 21:52:39,0.1635735956320904,3.8120454918056534,False
2004-02-13 22:02:39,1.998505853019538,3.8120454918056534,False
2004-02-13 22:12:39,1.5247627085831212,3.8120454918056534,False
2004-02-13 22:22:39,1.5821899205466585,3.8120454918056534,False
2004-02-13 22:32:39,2.227171231080722,3.8120454918056534,False
2004-02-13 22:42:39,0.14750140343028828,3.8120454918056534,False
2004-02-13 22:52:39,1.09071359202154,3.8120454918056534,False
2004-02-13 23:02:39,1.111790091242924,3.8120454918056534,False
2004-02-13 23:12:39,1.1533387531120602,3.8120454918056534,False
2004-02-13 23:22:39,0.9966052411528687,3.8120454918056534,False
2004-02-13 23:32:39,1.602025509140097,3.8120454918056534,False
2004-02-13 23:42:39,1.1290634101882817,3.8120454918056534,False
2004-02-13 23:52:39,1.032675994908361,3.8120454918056534,False
2004-02-13 23:52:39,1.0326759949083606,3.8120454918056534,False
2004-02-14 00:02:39,1.1481629321333955,3.8120454918056534,False
2004-02-14 00:12:39,1.5099979067324119,3.8120454918056534,False
2004-02-14 00:22:39,1.8497246384634825,3.8120454918056534,False
2004-02-14 00:32:39,0.701075186482782,3.8120454918056534,False
2004-02-14 00:42:39,0.9903496793500449,3.8120454918056534,False
2004-02-14 00:52:39,2.517324229518706,3.8120454918056534,False
2004-02-14 01:02:39,2.1335380280789957,3.8120454918056534,False
2004-02-14 01:12:39,2.382270162021482,3.8120454918056534,False
2004-02-14 01:22:39,2.6373673644878783,3.8120454918056534,False
2004-02-14 01:32:39,1.519542488401765,3.8120454918056534,False
2004-02-14 01:42:39,1.2556800949521139,3.8120454918056534,False
2004-02-14 01:52:39,0.4358943602573465,3.8120454918056534,False
2004-02-14 02:02:39,0.8022890706316196,3.8120454918056534,False
2004-02-14 02:12:39,1.791624699478468,3.8120454918056534,False
2004-02-14 02:22:39,1.1028136573483254,3.8120454918056534,False
2004-02-14 02:32:39,0.8717461793804343,3.8120454918056534,False
2004-02-14 02:42:39,1.4611989414476532,3.8120454918056534,False
2004-02-14 02:52:39,1.7070263769896503,3.8120454918056534,False
2004-02-14 03:02:39,2.4699111935154066,3.8120454918056534,False
2004-02-14 03:12:39,1.3466431441285431,3.8120454918056534,False
2004-02-14 03:22:39,0.6203886660414406,3.8120454918056534,False
2004-02-14 03:32:39,0.9262896327558432,3.8120454918056534,False
2004-02-14 03:42:39,2.3179269566126135,3.8120454918056534,False
2004-02-14 03:52:39,0.7467221124671931,3.8120454918056534,False
2004-02-14 04:02:39,1.7387358625127067,3.8120454918056534,False
2004-02-14 04:12:39,2.0832688456509802,3.8120454918056534,False
2004-02-14 04:22:39,2.08058719498067,3.8120454918056534,False
2004-02-14 04:32:39,0.13984054586718644,3.8120454918056534,False
2004-02-14 04:42:39,1.0547066268803078,3.8120454918056534,False
2004-02-14 04:52:39,1.1706844318560137,3.8120454918056534,False
2004-02-14 05:02:39,1.4277335040213763,3.8120454918056534,False
2004-02-14 05:12:39,1.3327339669259473,3.8120454918056534,False
2004-02-14 05:22:39,2.0853128331268334,3.8120454918056534,False
2004-02-14 05:32:39,2.2644902788144092,3.8120454918056534,False
2004-02-14 05:42:39,0.2712228484112548,3.8120454918056534,False
2004-02-14 05:52:39,1.3406574126075226,3.8120454918056534,False
2004-02-14 06:02:39,1.0381585988299158,3.8120454918056534,False
2004-02-14 06:12:39,1.0462328584825065,3.8120454918056534,False
2004-02-14 06:22:39,2.1471463825455315,3.8120454918056534,False
2004-02-14 06:32:39,1.4369482026207607,3.8120454918056534,False
2004-02-14 06:42:39,0.1820788739016987,3.8120454918056534,False
2004-02-14 06:52:39,0.9873209522580133,3.8120454918056534,False
2004-02-14 07:02:39,1.5579203547913625,3.8120454918056534,False
2004-02-14 07:12:39,0.3959785929102931,3.8120454918056534,False
2004-02-14 07:22:39,1.1419603407069614,3.8120454918056534,False
2004-02-14 07:32:39,2.0796436394583866,3.8120454918056534,False
2004-02-14 07:42:39,1.3908464073891824,3.8120454918056534,False
2004-02-14 07:52:39,2.504638694206124,3.8120454918056534,False
2004-02-14 08:02:39,1.4535614920492796,3.8120454918056534,False
2004-02-14 08:12:39,0.18941903364910992,3.8120454918056534,False
2004-02-14 08:22:39,1.5748822433687908,3.8120454918056534,False
2004-02-14 08:32:39,0.5432971087313644,3.8120454918056534,False
2004-02-14 08:42:39,1.8253324735959535,3.8120454918056534,False
2004-02-14 08:52:39,1.1748518356686581,3.8120454918056534,False
2004-02-14 09:02:39,2.5234268438864276,3.8120454918056534,False
2004-02-14 09:12:39,1.1544487408968593,3.8120454918056534,False
2004-02-14 09:22:39,1.1543433693460152,3.8120454918056534,False
2004-02-14 09:32:39,2.069782971852705,3.8120454918056534,False
2004-02-14 09:42:39,1.0850341140758908,3.8120454918056534,False
2004-02-14 09:52:39,1.44221806578181,3.8120454918056534,False
2004-02-14 10:02:39,2.3171635957342565,3.8120454918056534,False
2004-02-14 10:12:39,0.7371099588139006,3.8120454918056534,False
2004-02-14 10:22:39,2.08080291703177,3.8120454918056534,False
2004-02-14 10:32:39,0.9620978226226077,3.8120454918056534,False
2004-02-14 10:42:39,2.1293110017349446,3.8120454918056534,False
2004-02-14 10:52:39,1.9522720011165042,3.8120454918056534,False
2004-02-14 11:02:39,1.1557389928504769,3.8120454918056534,False
2004-02-14 11:12:39,1.6098849032065865,3.8120454918056534,False
2004-02-14 11:22:39,1.46618789196478,3.8120454918056534,False
2004-02-14 11:32:39,1.7722797743655878,3.8120454918056534,False
2004-02-14 11:42:39,1.7216183956717699,3.8120454918056534,False
2004-02-14 11:52:39,1.2955312731640827,3.8120454918056534,False
2004-02-14 12:02:39,0.9914533294525363,3.8120454918056534,False
2004-02-14 12:12:39,1.9480809320188424,3.8120454918056534,False
2004-02-14 12:22:39,0.5586605337114526,3.8120454918056534,False
2004-02-14 12:32:39,1.0496330103309464,3.8120454918056534,False
2004-02-14 12:42:39,1.4029998283218275,3.8120454918056534,False
2004-02-14 12:52:39,1.9496839742422112,3.8120454918056534,False
2004-02-14 13:02:39,1.6408899968897595,3.8120454918056534,False
2004-02-14 13:12:39,0.8155860848931751,3.8120454918056534,False
2004-02-14 13:22:39,2.339613088455769,3.8120454918056534,False
2004-02-14 13:32:39,1.7070209930603386,3.8120454918056534,False
2004-02-14 13:42:39,1.268504836083541,3.8120454918056534,False
2004-02-14 13:52:39,2.1113551199292906,3.8120454918056534,False
2004-02-14 14:02:39,3.078937938952854,3.8120454918056534,False
2004-02-14 14:12:39,0.6663087740281625,3.8120454918056534,False
2004-02-14 14:22:39,1.0042056550716054,3.8120454918056534,False
2004-02-14 14:32:39,2.0021864382247037,3.8120454918056534,False
2004-02-14 14:42:39,2.8584000765060096,3.8120454918056534,False
2004-02-14 14:52:39,1.1650389412447286,3.8120454918056534,False
2004-02-14 15:02:39,1.9048748373131517,3.8120454918056534,False
2004-02-14 15:12:39,0.9304970692455262,3.8120454918056534,False
2004-02-14 15:22:39,1.7148671406364573,3.8120454918056534,False
2004-02-14 15:32:39,1.310608002696434,3.8120454918056534,False
2004-02-14 15:42:39,2.1388416087840407,3.8120454918056534,False
2004-02-14 15:52:39,0.723328488167954,3.8120454918056534,False
2004-02-14 16:02:39,0.8618934210576836,3.8120454918056534,False
2004-02-14 16:12:39,2.320323985185183,3.8120454918056534,False
2004-02-14 16:22:39,1.2706552854538182,3.8120454918056534,False
2004-02-14 16:32:39,0.8327311665861219,3.8120454918056534,False
2004-02-14 16:42:39,1.431580340537766,3.8120454918056534,False
2004-02-14 16:52:39,1.1522608718804797,3.8120454918056534,False
2004-02-14 17:02:39,1.5728247812819836,3.8120454918056534,False
2004-02-14 17:12:39,0.6110590427601105,3.8120454918056534,False
2004-02-14 17:22:39,1.0899164450006573,3.8120454918056534,False
2004-02-14 17:32:39,1.4936819568378574,3.8120454918056534,False
2004-02-14 17:42:39,1.3425449144759314,3.8120454918056534,False
2004-02-14 17:52:39,3.092390251985038,3.8120454918056534,False
2004-02-14 18:02:39,2.7495214871667786,3.8120454918056534,False
2004-02-14 18:12:39,2.061581757063637,3.8120454918056534,False
2004-02-14 18:22:39,1.3404682663045497,3.8120454918056534,False
2004-02-14 18:32:39,2.5032850957895763,3.8120454918056534,False
2004-02-14 18:42:39,1.0531764321942856,3.8120454918056534,False
2004-02-14 18:52:39,1.6043562739015864,3.8120454918056534,False
2004-02-14 19:02:39,0.48134580391030984,3.8120454918056534,False
2004-02-14 19:12:39,2.497866571357033,3.8120454918056534,False
2004-02-14 19:22:39,1.8153318859007022,3.8120454918056534,False
2004-02-14 19:32:39,1.7373610840008424,3.8120454918056534,False
2004-02-14 19:42:39,0.9031530674053013,3.8120454918056534,False
2004-02-14 19:52:39,2.212177652349584,3.8120454918056534,False
2004-02-14 20:02:39,0.9242457150150027,3.8120454918056534,False
2004-02-14 20:12:39,1.0919400683078386,3.8120454918056534,False
2004-02-14 20:22:39,0.9450195253871504,3.8120454918056534,False
2004-02-14 20:32:39,2.111565407828562,3.8120454918056534,False
2004-02-14 20:42:39,2.168562446965194,3.8120454918056534,False
2004-02-14 20:52:39,3.1623686599805114,3.8120454918056534,False
2004-02-14 21:02:39,1.4911460970709212,3.8120454918056534,False
2004-02-14 21:12:39,0.7992842135606375,3.8120454918056534,False
2004-02-14 21:22:39,1.932095587036519,3.8120454918056534,False
2004-02-14 21:32:39,1.5093568386364067,3.8120454918056534,False
2004-02-14 21:42:39,2.8639000635145515,3.8120454918056534,False
2004-02-14 21:52:39,0.3402225683456259,3.8120454918056534,False
2004-02-14 22:02:39,1.066321211906561,3.8120454918056534,False
2004-02-14 22:12:39,1.632575102524685,3.8120454918056534,False
2004-02-14 22:22:39,1.5204666682701762,3.8120454918056534,False
2004-02-14 22:32:39,1.602231520471074,3.8120454918056534,False
2004-02-14 22:42:39,3.1597580796072093,3.8120454918056534,False
2004-02-14 22:52:39,1.730651714908935,3.8120454918056534,False
2004-02-14 23:02:39,1.322439662524833,3.8120454918056534,False
2004-02-14 23:12:39,1.1393725474442296,3.8120454918056534,False
2004-02-14 23:22:39,1.2004431821404502,3.8120454918056534,False
2004-02-14 23:32:39,1.6374762574485728,3.8120454918056534,False
2004-02-14 23:42:39,0.34730627266847125,3.8120454918056534,False
2004-02-14 23:52:39,2.0792383119016487,3.8120454918056534,False
2004-02-15 00:02:39,1.1353912095453407,3.8120454918056534,False
2004-02-15 00:12:39,2.1400123059444223,3.8120454918056534,False
2004-02-15 00:22:39,3.543053813618223,3.8120454918056534,False
2004-02-15 00:32:39,2.2599138680243773,3.8120454918056534,False
2004-02-15 00:42:39,1.2872872176982106,3.8120454918056534,False
2004-02-15 00:52:39,1.2589329922634305,3.8120454918056534,False
2004-02-15 01:02:39,1.3681778324477651,3.8120454918056534,False
2004-02-15 01:12:39,3.1751289981416555,3.8120454918056534,False
2004-02-15 01:22:39,2.2015594481990908,3.8120454918056534,False
2004-02-15 01:32:39,2.2430692718470584,3.8120454918056534,False
2004-02-15 01:42:39,2.3187165734632993,3.8120454918056534,False
2004-02-15 01:52:39,1.2728659453411053,3.8120454918056534,False
2004-02-15 02:02:39,0.23050385144888805,3.8120454918056534,False
2004-02-15 02:12:39,1.3140699233893052,3.8120454918056534,False
2004-02-15 02:22:39,1.6962956147412016,3.8120454918056534,False
2004-02-15 02:32:39,2.6128121226776613,3.8120454918056534,False
2004-02-15 02:42:39,1.7910990302090886,3.8120454918056534,False
2004-02-15 02:52:39,2.0021844616872264,3.8120454918056534,False
2004-02-15 03:02:39,3.1324787958000875,3.8120454918056534,False
2004-02-15 03:12:39,2.3010816910962286,3.8120454918056534,False
2004-02-15 03:22:39,0.8339892095515082,3.8120454918056534,False
2004-02-15 03:32:39,1.6781424612388238,3.8120454918056534,False
2004-02-15 03:42:39,1.2310152841463222,3.8120454918056534,False
2004-02-15 03:52:39,0.9080223998928821,3.8120454918056534,False
2004-02-15 04:02:39,0.8771876923642838,3.8120454918056534,False
2004-02-15 04:12:39,0.6355715377312035,3.8120454918056534,False
2004-02-15 04:22:39,1.6518590534775772,3.8120454918056534,False
2004-02-15 04:32:39,1.3880247293520467,3.8120454918056534,False
2004-02-15 04:42:39,1.0497510609799832,3.8120454918056534,False
2004-02-15 04:52:39,3.706573378120219,3.8120454918056534,False
2004-02-15 05:02:39,1.0145036898309518,3.8120454918056534,False
2004-02-15 05:12:39,1.2865979582575717,3.8120454918056534,False
2004-02-15 05:22:39,2.941796613599387,3.8120454918056534,False
2004-02-15 05:32:39,1.732669545481822,3.8120454918056534,False
2004-02-15 05:42:39,4.177943575068658,3.8120454918056534,True
2004-02-15 05:52:39,2.354494244725292,3.8120454918056534,False
2004-02-15 06:02:39,1.8869924927262318,3.8120454918056534,False
2004-02-15 06:12:39,1.9803699087730513,3.8120454918056534,False
2004-02-15 06:22:39,2.599489871651183,3.8120454918056534,False
2004-02-15 06:32:39,1.9008695443309944,3.8120454918056534,False
2004-02-15 06:42:39,2.454632117091676,3.8120454918056534,False
2004-02-15 06:52:39,1.7623043925732402,3.8120454918056534,False
2004-02-15 07:02:39,1.861496225883698,3.8120454918056534,False
2004-02-15 07:12:39,1.9846187082319264,3.8120454918056534,False
2004-02-15 07:22:39,2.8161738489275248,3.8120454918056534,False
2004-02-15 07:32:39,1.3252130686869414,3.8120454918056534,False
2004-02-15 07:42:39,1.347141162158036,3.8120454918056534,False
2004-02-15 07:52:39,1.8561106012869653,3.8120454918056534,False
2004-02-15 08:02:39,1.5224061509534064,3.8120454918056534,False
2004-02-15 08:12:39,1.9227838615456636,3.8120454918056534,False
2004-02-15 08:22:39,2.7088105182880056,3.8120454918056534,False
2004-02-15 08:32:39,1.708005141452723,3.8120454918056534,False
2004-02-15 08:42:39,0.92812957986306,3.8120454918056534,False
2004-02-15 08:52:39,1.5108096515247282,3.8120454918056534,False
2004-02-15 09:02:39,1.0823297643522398,3.8120454918056534,False
2004-02-15 09:12:39,2.138317653707531,3.8120454918056534,False
2004-02-15 09:22:39,1.0664818911164415,3.8120454918056534,False
2004-02-15 09:32:39,1.8518466125221587,3.8120454918056534,False
2004-02-15 09:42:39,2.0159876347984538,3.8120454918056534,False
2004-02-15 09:52:39,3.082625511055939,3.8120454918056534,False
2004-02-15 10:02:39,1.4002801600492039,3.8120454918056534,False
2004-02-15 10:12:39,1.3950521309183772,3.8120454918056534,False
2004-02-15 10:22:39,1.453808708002918,3.8120454918056534,False
2004-02-15 10:32:39,1.6479924954618073,3.8120454918056534,False
2004-02-15 10:42:39,2.5813516421457754,3.8120454918056534,False
2004-02-15 10:52:39,1.11068134889333,3.8120454918056534,False
2004-02-15 11:02:39,1.0911236590116584,3.8120454918056534,False
2004-02-15 11:12:39,1.8680007953027233,3.8120454918056534,False
2004-02-15 11:22:39,2.2209531766515727,3.8120454918056534,False
2004-02-15 11:32:39,2.5900042981054656,3.8120454918056534,False
2004-02-15 11:42:39,1.2736439620249043,3.8120454918056534,False
2004-02-15 11:52:39,1.1479641139006505,3.8120454918056534,False
2004-02-15 12:02:39,1.5962080696455558,3.8120454918056534,False
2004-02-15 12:12:39,1.9784588661136118,3.8120454918056534,False
2004-02-15 12:22:39,1.0919312387185431,3.8120454918056534,False
2004-02-15 12:32:39,2.398716294287538,3.8120454918056534,False
2004-02-15 12:42:39,0.19334232547973643,3.8120454918056534,False
2004-02-15 12:52:39,1.2849059974929922,3.8120454918056534,False
2004-02-15 13:02:39,2.139931864319553,3.8120454918056534,False
2004-02-15 13:12:39,2.50663536085413,3.8120454918056534,False
2004-02-15 13:22:39,2.0274188597106026,3.8120454918056534,False
2004-02-15 13:32:39,1.5907594600379928,3.8120454918056534,False
2004-02-15 13:42:39,0.38121920605351034,3.8120454918056534,False
2004-02-15 13:52:39,1.8696414244086772,3.8120454918056534,False
2004-02-15 14:02:39,0.3310326520418967,3.8120454918056534,False
2004-02-15 14:12:39,0.4874499439636263,3.8120454918056534,False
2004-02-15 14:22:39,1.6250423066905784,3.8120454918056534,False
2004-02-15 14:32:39,2.4305142808144238,3.8120454918056534,False
2004-02-15 14:42:39,1.669580803423405,3.8120454918056534,False
2004-02-15 14:52:39,2.170151134025493,3.8120454918056534,False
2004-02-15 15:02:39,0.9415840714138136,3.8120454918056534,False
2004-02-15 15:12:39,1.652262810098597,3.8120454918056534,False
2004-02-15 15:22:39,1.8496235394143494,3.8120454918056534,False
2004-02-15 15:32:39,0.4983373579422787,3.8120454918056534,False
2004-02-15 15:42:39,1.6806533812110651,3.8120454918056534,False
2004-02-15 15:52:39,1.6973388254994315,3.8120454918056534,False
2004-02-15 16:02:39,2.698000384280305,3.8120454918056534,False
2004-02-15 16:12:39,1.3385145821500217,3.8120454918056534,False
2004-02-15 16:22:39,2.1269233522590136,3.8120454918056534,False
2004-02-15 16:32:39,0.6280670428589052,3.8120454918056534,False
2004-02-15 16:42:39,3.0929777913898624,3.8120454918056534,False
2004-02-15 16:52:39,1.1839586500060333,3.8120454918056534,False
2004-02-15 17:02:39,2.2934146190290137,3.8120454918056534,False
2004-02-15 17:12:39,1.2495762101656929,3.8120454918056534,False
2004-02-15 17:22:39,2.595632132559849,3.8120454918056534,False
2004-02-15 17:32:39,0.8386982244369071,3.8120454918056534,False
2004-02-15 17:42:39,1.3286302370012775,3.8120454918056534,False
2004-02-15 17:52:39,1.4086730073495337,3.8120454918056534,False
2004-02-15 18:02:39,1.9044772650942972,3.8120454918056534,False
2004-02-15 18:12:39,2.0048094686143085,3.8120454918056534,False
2004-02-15 18:22:39,1.4468728235193193,3.8120454918056534,False
2004-02-15 18:32:39,2.6387076221477286,3.8120454918056534,False
2004-02-15 18:42:39,1.7195702496032845,3.8120454918056534,False
2004-02-15 18:52:39,2.144436543077753,3.8120454918056534,False
2004-02-15 19:02:39,2.5514153382261466,3.8120454918056534,False
2004-02-15 19:12:39,1.9039863867978035,3.8120454918056534,False
2004-02-15 19:22:39,1.8632132036937283,3.8120454918056534,False
2004-02-15 19:32:39,2.1649949225587046,3.8120454918056534,False
2004-02-15 19:42:39,2.2537611232687285,3.8120454918056534,False
2004-02-15 19:52:39,0.8033925452863144,3.8120454918056534,False
2004-02-15 20:02:39,3.103604623034916,3.8120454918056534,False
2004-02-15 20:12:39,3.304065935848038,3.8120454918056534,False
2004-02-15 20:22:39,1.9484718379437407,3.8120454918056534,False
2004-02-15 20:32:39,2.0499518700189006,3.8120454918056534,False
2004-02-15 20:42:39,1.6418986832217792,3.8120454918056534,False
2004-02-15 20:52:39,3.0621455275116847,3.8120454918056534,False
2004-02-15 21:02:39,2.062153419809146,3.8120454918056534,False
2004-02-15 21:12:39,1.9195761175374069,3.8120454918056534,False
2004-02-15 21:22:39,1.8216930283307327,3.8120454918056534,False
2004-02-15 21:32:39,1.607027873525295,3.8120454918056534,False
2004-02-15 21:42:39,2.4189336536976898,3.8120454918056534,False
2004-02-15 21:52:39,2.944601940516738,3.8120454918056534,False
2004-02-15 22:02:39,1.7699613072529539,3.8120454918056534,False
2004-02-15 22:12:39,1.1481551360824311,3.8120454918056534,False
2004-02-15 22:22:39,1.077669277026691,3.8120454918056534,False
2004-02-15 22:32:39,1.465226083925052,3.8120454918056534,False
2004-02-15 22:42:39,0.9023060013271071,3.8120454918056534,False
2004-02-15 22:52:39,1.3815489662712852,3.8120454918056534,False
2004-02-15 23:02:39,0.5641466789798633,3.8120454918056534,False
2004-02-15 23:12:39,0.5309357673158558,3.8120454918056534,False
2004-02-15 23:22:39,1.1883063477248967,3.8120454918056534,False
2004-02-15 23:32:39,1.3896388653030511,3.8120454918056534,False
2004-02-15 23:42:39,1.8850311351545221,3.8120454918056534,False
2004-02-15 23:52:39,1.4054788339782727,3.8120454918056534,False
2004-02-16 00:02:39,1.5467929606196107,3.8120454918056534,False
2004-02-16 00:12:39,1.4412033239783477,3.8120454918056534,False
2004-02-16 00:22:39,1.5916952754386935,3.8120454918056534,False
2004-02-16 00:32:39,1.384595858602732,3.8120454918056534,False
2004-02-16 00:42:39,1.0158906329024522,3.8120454918056534,False
2004-02-16 00:52:39,2.8337679220775467,3.8120454918056534,False
2004-02-16 01:02:39,1.356474470880454,3.8120454918056534,False
2004-02-16 01:12:39,0.46565298148659334,3.8120454918056534,False
2004-02-16 01:22:39,2.5196884500645305,3.8120454918056534,False
2004-02-16 01:32:39,1.2609641616683853,3.8120454918056534,False
2004-02-16 01:42:39,1.2880598148471922,3.8120454918056534,False
2004-02-16 01:52:39,0.9316813328213917,3.8120454918056534,False
2004-02-16 02:02:39,2.294946689479535,3.8120454918056534,False
2004-02-16 02:12:39,1.1461423030741602,3.8120454918056534,False
2004-02-16 02:22:39,0.9328117948243271,3.8120454918056534,False
2004-02-16 02:32:39,0.9201679016362857,3.8120454918056534,False
2004-02-16 02:42:39,1.8335487504236079,3.8120454918056534,False
2004-02-16 02:52:39,1.7111462163511604,3.8120454918056534,False
2004-02-16 03:02:39,1.716303896658959,3.8120454918056534,False
2004-02-16 03:12:39,1.7990212802783592,3.8120454918056534,False
2004-02-16 03:22:39,2.6022576930220205,3.8120454918056534,False
2004-02-16 03:32:39,1.6175595036080532,3.8120454918056534,False
2004-02-16 03:42:39,1.7944573234966936,3.8120454918056534,False
2004-02-16 03:52:39,1.812085871884773,3.8120454918056534,False
2004-02-16 04:02:39,1.712334786438284,3.8120454918056534,False
2004-02-16 04:12:39,5.0312012091377305,3.8120454918056534,True
2004-02-16 04:22:39,3.681988467551057,3.8120454918056534,False
2004-02-16 04:32:39,1.598157913057291,3.8120454918056534,False
2004-02-16 04:42:39,1.72974751345051,3.8120454918056534,False
2004-02-16 04:52:39,1.9985680799688013,3.8120454918056534,False
2004-02-16 05:02:39,2.6145944752723644,3.8120454918056534,False
2004-02-16 05:12:39,1.2926570695937227,3.8120454918056534,False
2004-02-16 05:22:39,2.790503203828941,3.8120454918056534,False
2004-02-16 05:32:39,1.9045060526943232,3.8120454918056534,False
2004-02-16 05:42:39,2.7268083373222396,3.8120454918056534,False
2004-02-16 05:52:39,2.8680948817348195,3.8120454918056534,False
2004-02-16 06:02:39,3.5231518032936244,3.8120454918056534,False
2004-02-16 06:12:39,4.834599217505221,3.8120454918056534,True
2004-02-16 06:22:39,3.1668545339852328,3.8120454918056534,False
2004-02-16 06:32:39,3.3751776938887836,3.8120454918056534,False
2004-02-16 06:42:39,2.74248655412479,3.8120454918056534,False
2004-02-16 06:52:39,4.101355181515313,3.8120454918056534,True
2004-02-16 07:02:39,3.3775408435729637,3.8120454918056534,False
2004-02-16 07:12:39,1.7290780183891936,3.8120454918056534,False
2004-02-16 07:22:39,4.241496642859463,3.8120454918056534,True
2004-02-16 07:32:39,1.9971608524486684,3.8120454918056534,False
2004-02-16 07:42:39,3.458069278811532,3.8120454918056534,False
2004-02-16 07:52:39,3.9576478010114404,3.8120454918056534,True
2004-02-16 08:02:39,3.1379112073251507,3.8120454918056534,False
2004-02-16 08:12:39,3.312219351204746,3.8120454918056534,False
2004-02-16 08:22:39,3.8079693752908845,3.8120454918056534,False
2004-02-16 08:32:39,2.517352291338503,3.8120454918056534,False
2004-02-16 08:42:39,3.327320265359008,3.8120454918056534,False
2004-02-16 08:52:39,4.120311852775085,3.8120454918056534,True
2004-02-16 09:02:39,2.425043901116079,3.8120454918056534,False
2004-02-16 09:12:39,2.576765969541269,3.8120454918056534,False
2004-02-16 09:22:39,3.9336064176210384,3.8120454918056534,True
2004-02-16 09:32:39,3.712491149690283,3.8120454918056534,False
2004-02-16 09:42:39,4.275180461091194,3.8120454918056534,True
2004-02-16 09:52:39,2.9130246367644883,3.8120454918056534,False
2004-02-16 10:02:39,3.790568684082287,3.8120454918056534,False
2004-02-16 10:12:39,3.577303363818805,3.8120454918056534,False
2004-02-16 10:22:39,4.954350266523373,3.8120454918056534,True
2004-02-16 10:32:39,3.1458095838636098,3.8120454918056534,False
2004-02-16 10:42:39,3.4702216948471323,3.8120454918056534,False
2004-02-16 10:52:39,3.394600212906364,3.8120454918056534,False
2004-02-16 11:02:39,5.902457639474499,3.8120454918056534,True
2004-02-16 11:12:39,3.8013631259239062,3.8120454918056534,False
2004-02-16 11:22:39,4.852468476335887,3.8120454918056534,True
2004-02-16 11:32:39,3.5612690925223616,3.8120454918056534,False
2004-02-16 11:42:39,5.762231926776493,3.8120454918056534,True
2004-02-16 11:52:39,3.3196484421646195,3.8120454918056534,False
2004-02-16 12:02:39,3.634697381588419,3.8120454918056534,False
2004-02-16 12:12:39,5.136624240422976,3.8120454918056534,True
2004-02-16 12:22:39,5.677284638806356,3.8120454918056534,True
2004-02-16 12:32:39,3.7122750900323345,3.8120454918056534,False
2004-02-16 12:42:39,5.503024596656018,3.8120454918056534,True
2004-02-16 12:52:39,4.337985164345565,3.8120454918056534,True
2004-02-16 13:02:39,3.396628873877218,3.8120454918056534,False
2004-02-16 13:12:39,4.074317458510594,3.8120454918056534,True
2004-02-16 13:22:39,5.283863181776244,3.8120454918056534,True
2004-02-16 13:32:39,5.707765684186336,3.8120454918056534,True
2004-02-16 13:42:39,4.218199088036539,3.8120454918056534,True
2004-02-16 13:52:39,4.537959528625814,3.8120454918056534,True
2004-02-16 14:02:39,5.3097533474108305,3.8120454918056534,True
2004-02-16 14:12:39,4.960754139213254,3.8120454918056534,True
2004-02-16 14:22:39,4.916308866333399,3.8120454918056534,True
2004-02-16 14:32:39,5.246158232287563,3.8120454918056534,True
2004-02-16 14:42:39,5.051719856612403,3.8120454918056534,True
2004-02-16 14:52:39,4.597101279325345,3.8120454918056534,True
2004-02-16 15:02:39,4.970864461933564,3.8120454918056534,True
2004-02-16 15:12:39,4.487449076247546,3.8120454918056534,True
2004-02-16 15:22:39,6.143729469927664,3.8120454918056534,True
2004-02-16 15:32:39,4.778928513008678,3.8120454918056534,True
2004-02-16 15:42:39,6.162027322940811,3.8120454918056534,True
2004-02-16 15:52:39,7.136039127837622,3.8120454918056534,True
2004-02-16 16:02:39,6.438186896495707,3.8120454918056534,True
2004-02-16 16:12:39,7.4586609066001,3.8120454918056534,True
2004-02-16 16:22:39,5.810101397116446,3.8120454918056534,True
2004-02-16 16:32:39,6.4920148186731215,3.8120454918056534,True
2004-02-16 16:42:39,6.652043902189253,3.8120454918056534,True
2004-02-16 16:52:39,7.53678841807564,3.8120454918056534,True
2004-02-16 17:02:39,7.120199621299273,3.8120454918056534,True
2004-02-16 17:12:39,6.23067505384164,3.8120454918056534,True
2004-02-16 17:22:39,7.246636377101469,3.8120454918056534,True
2004-02-16 17:32:39,7.4595183338801085,3.8120454918056534,True
2004-02-16 17:42:39,6.759396334754702,3.8120454918056534,True
2004-02-16 17:52:39,4.441433424997685,3.8120454918056534,True
2004-02-16 18:02:39,8.770906794959068,3.8120454918056534,True
2004-02-16 18:12:39,6.443386857977492,3.8120454918056534,True
2004-02-16 18:22:39,6.759082237294549,3.8120454918056534,True
2004-02-16 18:32:39,7.675976468965896,3.8120454918056534,True
2004-02-16 18:42:39,6.944726308736604,3.8120454918056534,True
2004-02-16 18:52:39,6.559258014758252,3.8120454918056534,True
2004-02-16 19:02:39,6.43545796072971,3.8120454918056534,True
2004-02-16 19:12:39,7.763473490633966,3.8120454918056534,True
2004-02-16 19:22:39,6.770476782243681,3.8120454918056534,True
2004-02-16 19:32:39,5.641483286245101,3.8120454918056534,True
2004-02-16 19:42:39,7.562130974704437,3.8120454918056534,True
2004-02-16 19:52:39,8.152927238937442,3.8120454918056534,True
2004-02-16 20:02:39,5.431236478172146,3.8120454918056534,True
2004-02-16 20:12:39,7.2347566786345014,3.8120454918056534,True
2004-02-16 20:22:39,6.564361718089873,3.8120454918056534,True
2004-02-16 20:32:39,6.860736371664002,3.8120454918056534,True
2004-02-16 20:42:39,7.091701614201304,3.8120454918056534,True
2004-02-16 20:52:39,6.277353115223889,3.8120454918056534,True
2004-02-16 21:02:39,7.732534136642107,3.8120454918056534,True
2004-02-16 21:12:39,7.393803034578725,3.8120454918056534,True
2004-02-16 21:22:39,7.548064958511186,3.8120454918056534,True
2004-02-16 21:32:39,7.881735452660094,3.8120454918056534,True
2004-02-16 21:42:39,6.908830770019125,3.8120454918056534,True
2004-02-16 21:52:39,7.21088152715163,3.8120454918056534,True
2004-02-16 22:02:39,7.203880845241771,3.8120454918056534,True
2004-02-16 22:12:39,7.917519380487093,3.8120454918056534,True
2004-02-16 22:22:39,9.691872619406551,3.8120454918056534,True
2004-02-16 22:32:39,10.652041820859433,3.8120454918056534,True
2004-02-16 22:42:39,10.390481305603132,3.8120454918056534,True
2004-02-16 22:52:39,11.203638102155496,3.8120454918056534,True
2004-02-16 23:02:39,10.295897897811532,3.8120454918056534,True
2004-02-16 23:12:39,9.772806877748627,3.8120454918056534,True
2004-02-16 23:22:39,11.18248561062392,3.8120454918056534,True
2004-02-16 23:32:39,10.437656478671615,3.8120454918056534,True
2004-02-16 23:42:39,9.569587336719206,3.8120454918056534,True
2004-02-16 23:52:39,10.771376162699745,3.8120454918056534,True
2004-02-17 00:02:39,11.197802501190699,3.8120454918056534,True
2004-02-17 00:12:39,10.122742046657573,3.8120454918056534,True
2004-02-17 00:22:39,11.276869656205086,3.8120454918056534,True
2004-02-17 00:32:39,10.776017973903297,3.8120454918056534,True
2004-02-17 00:42:39,11.128760117868426,3.8120454918056534,True
2004-02-17 00:52:39,12.554243173947478,3.8120454918056534,True
2004-02-17 01:02:39,9.901637354803906,3.8120454918056534,True
2004-02-17 01:12:39,9.603111702366418,3.8120454918056534,True
2004-02-17 01:22:39,10.995376615730029,3.8120454918056534,True
2004-02-17 01:32:39,12.181223070313944,3.8120454918056534,True
2004-02-17 01:42:39,9.888016169630953,3.8120454918056534,True
2004-02-17 01:52:39,9.283752193383984,3.8120454918056534,True
2004-02-17 02:02:39,11.15968167953342,3.8120454918056534,True
2004-02-17 02:12:39,11.131695332031779,3.8120454918056534,True
2004-02-17 02:22:39,10.735659829452196,3.8120454918056534,True
2004-02-17 02:32:39,10.095330836595071,3.8120454918056534,True
2004-02-17 02:42:39,9.935943018649914,3.8120454918056534,True
2004-02-17 02:52:39,10.784645797363314,3.8120454918056534,True
2004-02-17 03:02:39,9.352303465487434,3.8120454918056534,True
2004-02-17 03:12:39,9.806799836068116,3.8120454918056534,True
2004-02-17 03:22:39,11.274554369021057,3.8120454918056534,True
2004-02-17 03:32:39,11.138401444558287,3.8120454918056534,True
2004-02-17 03:42:39,9.73879570851304,3.8120454918056534,True
2004-02-17 03:52:39,10.368140132511925,3.8120454918056534,True
2004-02-17 04:02:39,9.35517536126082,3.8120454918056534,True
2004-02-17 04:12:39,10.065063687309472,3.8120454918056534,True
2004-02-17 04:22:39,10.281996502150651,3.8120454918056534,True
2004-02-17 04:32:39,10.63775941387382,3.8120454918056534,True
2004-02-17 04:42:39,10.340766270436982,3.8120454918056534,True
2004-02-17 04:52:39,11.468861520343546,3.8120454918056534,True
2004-02-17 05:02:39,9.869757491212994,3.8120454918056534,True
2004-02-17 05:12:39,11.678559726793308,3.8120454918056534,True
2004-02-17 05:22:39,11.05695897493205,3.8120454918056534,True
2004-02-17 05:32:39,10.912233835826544,3.8120454918056534,True
2004-02-17 05:42:39,11.587799718488936,3.8120454918056534,True
2004-02-17 05:52:39,11.431106845871582,3.8120454918056534,True
2004-02-17 06:02:39,12.281052482589377,3.8120454918056534,True
2004-02-17 06:12:39,11.119808453016056,3.8120454918056534,True
2004-02-17 06:22:39,10.399863636304103,3.8120454918056534,True
2004-02-17 06:32:39,11.875672099187664,3.8120454918056534,True
2004-02-17 06:42:39,11.171020661128,3.8120454918056534,True
2004-02-17 06:52:39,10.196662722275612,3.8120454918056534,True
2004-02-17 07:02:39,13.250153404687335,3.8120454918056534,True
2004-02-17 07:12:39,13.903060183583356,3.8120454918056534,True
2004-02-17 07:22:39,16.803904854140647,3.8120454918056534,True
2004-02-17 07:32:39,34.400403405505145,3.8120454918056534,True
2004-02-17 07:42:39,36.71420391368892,3.8120454918056534,True
2004-02-17 07:52:39,35.95460690972683,3.8120454918056534,True
2004-02-17 08:02:39,35.527788685091195,3.8120454918056534,True
2004-02-17 08:12:39,34.38985007341472,3.8120454918056534,True
2004-02-17 08:22:39,35.780969938971644,3.8120454918056534,True
2004-02-17 08:32:39,35.133961658159684,3.8120454918056534,True
2004-02-17 08:42:39,33.63010796322475,3.8120454918056534,True
2004-02-17 08:52:39,36.34353354567585,3.8120454918056534,True
2004-02-17 09:02:39,36.19255255272158,3.8120454918056534,True
2004-02-17 09:12:39,34.22001834275544,3.8120454918056534,True
2004-02-17 09:22:39,35.6784480340519,3.8120454918056534,True
2004-02-17 09:32:39,35.46201674591576,3.8120454918056534,True
2004-02-17 09:42:39,34.49472783427974,3.8120454918056534,True
2004-02-17 09:52:39,33.0612247031551,3.8120454918056534,True
2004-02-17 10:02:39,33.23060835902596,3.8120454918056534,True
2004-02-17 10:12:39,33.60384418546144,3.8120454918056534,True
2004-02-17 10:22:39,34.496505922512306,3.8120454918056534,True
2004-02-17 10:32:39,33.08038505632042,3.8120454918056534,True
2004-02-17 10:42:39,32.70778055232185,3.8120454918056534,True
2004-02-17 10:52:39,32.22811301027202,3.8120454918056534,True
2004-02-17 11:02:39,32.85115671601797,3.8120454918056534,True
2004-02-17 11:12:39,33.31756838455877,3.8120454918056534,True
2004-02-17 11:22:39,35.516655723695216,3.8120454918056534,True
2004-02-17 11:32:39,35.014546605564036,3.8120454918056534,True
2004-02-17 11:42:39,34.3712078394782,3.8120454918056534,True
2004-02-17 11:52:39,33.15885488988419,3.8120454918056534,True
2004-02-17 12:02:39,33.28666772416668,3.8120454918056534,True
2004-02-17 12:12:39,34.41197331727621,3.8120454918056534,True
2004-02-17 12:22:39,30.79355250315881,3.8120454918056534,True
2004-02-17 12:32:39,32.42820346724235,3.8120454918056534,True
2004-02-17 12:42:39,30.476233071590464,3.8120454918056534,True
2004-02-17 12:52:39,31.64561067693566,3.8120454918056534,True
2004-02-17 13:02:39,30.00578936937576,3.8120454918056534,True
2004-02-17 13:12:39,30.083276066175976,3.8120454918056534,True
2004-02-17 13:22:39,31.27633880741843,3.8120454918056534,True
2004-02-17 13:32:39,26.896928385025856,3.8120454918056534,True
2004-02-17 13:42:39,25.340386435957647,3.8120454918056534,True
2004-02-17 13:52:39,29.160717608133798,3.8120454918056534,True
2004-02-17 14:02:39,27.206262489385455,3.8120454918056534,True
2004-02-17 14:12:39,27.201131621363604,3.8120454918056534,True
2004-02-17 14:22:39,25.36173901876166,3.8120454918056534,True
2004-02-17 14:32:39,26.311802748542995,3.8120454918056534,True
2004-02-17 14:42:39,25.430938938248172,3.8120454918056534,True
2004-02-17 14:52:39,26.203165745282636,3.8120454918056534,True
2004-02-17 15:02:39,25.778887912167743,3.8120454918056534,True
2004-02-17 15:12:39,27.034499103751326,3.8120454918056534,True
2004-02-17 15:22:39,22.88999073157031,3.8120454918056534,True
2004-02-17 15:32:39,26.308586372524353,3.8120454918056534,True
2004-02-17 15:42:39,25.287609895309366,3.8120454918056534,True
2004-02-17 15:52:39,23.973221467062558,3.8120454918056534,True
2004-02-17 16:02:39,24.601730583786424,3.8120454918056534,True
2004-02-17 16:12:39,24.21756877654667,3.8120454918056534,True
2004-02-17 16:22:39,24.037967821223344,3.8120454918056534,True
2004-02-17 16:32:39,21.26151455410101,3.8120454918056534,True
2004-02-17 16:42:39,20.41789340455547,3.8120454918056534,True
2004-02-17 16:52:39,21.532567102106015,3.8120454918056534,True
2004-02-17 17:02:39,21.246637654800413,3.8120454918056534,True
2004-02-17 17:12:39,19.16008798981246,3.8120454918056534,True
2004-02-17 17:22:39,19.651467348972183,3.8120454918056534,True
2004-02-17 17:32:39,20.279929146156068,3.8120454918056534,True
2004-02-17 17:42:39,17.87918988793469,3.8120454918056534,True
2004-02-17 17:52:39,16.851924152383013,3.8120454918056534,True
2004-02-17 18:02:39,15.148293895424764,3.8120454918056534,True
2004-02-17 18:12:39,16.087409851821008,3.8120454918056534,True
2004-02-17 18:22:39,15.618092668463166,3.8120454918056534,True
2004-02-17 18:32:39,17.399251051623494,3.8120454918056534,True
2004-02-17 18:42:39,16.294618361742433,3.8120454918056534,True
2004-02-17 18:52:39,15.73190864361201,3.8120454918056534,True
2004-02-17 19:02:39,15.68226476745524,3.8120454918056534,True
2004-02-17 19:12:39,15.498760481110208,3.8120454918056534,True
2004-02-17 19:22:39,14.73546322521455,3.8120454918056534,True
2004-02-17 19:32:39,13.96844883490603,3.8120454918056534,True
2004-02-17 19:42:39,14.341295915425631,3.8120454918056534,True
2004-02-17 19:52:39,15.68826806685684,3.8120454918056534,True
2004-02-17 20:02:39,14.983704485974428,3.8120454918056534,True
2004-02-17 20:12:39,14.361564922303282,3.8120454918056534,True
2004-02-17 20:22:39,13.84163190165769,3.8120454918056534,True
2004-02-17 20:32:39,14.325140070127512,3.8120454918056534,True
2004-02-17 20:42:39,12.13906729759983,3.8120454918056534,True
2004-02-17 20:52:39,14.018669740991882,3.8120454918056534,True
2004-02-17 21:02:39,12.954552689029093,3.8120454918056534,True
2004-02-17 21:12:39,12.499607710393436,3.8120454918056534,True
2004-02-17 21:22:39,12.75700553696183,3.8120454918056534,True
2004-02-17 21:32:39,13.696894893869741,3.8120454918056534,True
2004-02-17 21:42:39,11.636675566034086,3.8120454918056534,True
2004-02-17 21:52:39,13.99155677061483,3.8120454918056534,True
2004-02-17 22:02:39,12.492857610940192,3.8120454918056534,True
2004-02-17 22:12:39,12.948767223279452,3.8120454918056534,True
2004-02-17 22:22:39,13.327508622942412,3.8120454918056534,True
2004-02-17 22:32:39,12.769690964506635,3.8120454918056534,True
2004-02-17 22:42:39,13.193951832315808,3.8120454918056534,True
2004-02-17 22:52:39,14.706056602472886,3.8120454918056534,True
2004-02-17 23:02:39,14.427669582825116,3.8120454918056534,True
2004-02-17 23:12:39,13.289431034067002,3.8120454918056534,True
2004-02-17 23:22:39,13.83946538758494,3.8120454918056534,True
2004-02-17 23:32:39,12.220905243662287,3.8120454918056534,True
2004-02-17 23:42:39,14.235354399955776,3.8120454918056534,True
2004-02-17 23:52:39,14.192508470829978,3.8120454918056534,True
2004-02-18 00:02:39,13.823376059118397,3.8120454918056534,True
2004-02-18 00:12:39,14.230063089354843,3.8120454918056534,True
2004-02-18 00:22:39,13.3017782718979,3.8120454918056534,True
2004-02-18 00:32:39,15.580189712984566,3.8120454918056534,True
2004-02-18 00:42:39,13.80276169700853,3.8120454918056534,True
2004-02-18 00:52:39,14.54580988888826,3.8120454918056534,True
2004-02-18 01:02:39,15.612797800253102,3.8120454918056534,True
2004-02-18 01:12:39,16.986939655676654,3.8120454918056534,True
2004-02-18 01:22:39,14.033898808206418,3.8120454918056534,True
2004-02-18 01:32:39,14.742866181815836,3.8120454918056534,True
2004-02-18 01:42:39,13.842750162217936,3.8120454918056534,True
2004-02-18 01:52:39,15.012744994997714,3.8120454918056534,True
2004-02-18 02:02:39,14.109264218723155,3.8120454918056534,True
2004-02-18 02:12:39,15.074916795622709,3.8120454918056534,True
2004-02-18 02:22:39,15.195285027921395,3.8120454918056534,True
2004-02-18 02:32:39,15.602774164828528,3.8120454918056534,True
2004-02-18 02:42:39,16.3781576296141,3.8120454918056534,True
2004-02-18 02:52:39,14.637009551916181,3.8120454918056534,True
2004-02-18 03:02:39,16.71973790712264,3.8120454918056534,True
2004-02-18 03:12:39,16.844792077718413,3.8120454918056534,True
2004-02-18 03:22:39,15.533793750521042,3.8120454918056534,True
2004-02-18 03:32:39,17.110636870477475,3.8120454918056534,True
2004-02-18 03:42:39,25.224665232002558,3.8120454918056534,True
2004-02-18 03:52:39,26.03494287731199,3.8120454918056534,True
2004-02-18 04:02:39,25.781028398153076,3.8120454918056534,True
2004-02-18 04:12:39,28.121192169636984,3.8120454918056534,True
2004-02-18 04:22:39,25.548123969387557,3.8120454918056534,True
2004-02-18 04:32:39,28.625026287012965,3.8120454918056534,True
2004-02-18 04:42:39,29.57574342525418,3.8120454918056534,True
2004-02-18 04:52:39,28.191833897383468,3.8120454918056534,True
2004-02-18 05:02:39,29.87815825462712,3.8120454918056534,True
2004-02-18 05:12:39,29.53941649171744,3.8120454918056534,True
2004-02-18 05:22:39,30.8110385810339,3.8120454918056534,True
2004-02-18 05:32:39,30.509396031749283,3.8120454918056534,True
2004-02-18 05:42:39,33.448686599377545,3.8120454918056534,True
2004-02-18 05:52:39,32.11015136909236,3.8120454918056534,True
2004-02-18 06:02:39,34.5310994574752,3.8120454918056534,True
2004-02-18 06:12:39,35.399826077728655,3.8120454918056534,True
2004-02-18 06:22:39,35.174209320855915,3.8120454918056534,True
2004-02-18 06:32:39,36.29649600491813,3.8120454918056534,True
2004-02-18 06:42:39,35.3154269968118,3.8120454918056534,True
2004-02-18 06:52:39,36.46214135995069,3.8120454918056534,True
2004-02-18 07:02:39,36.53826787713844,3.8120454918056534,True
2004-02-18 07:12:39,36.63104713473613,3.8120454918056534,True
2004-02-18 07:22:39,38.05959946624291,3.8120454918056534,True
2004-02-18 07:32:39,36.62187061989235,3.8120454918056534,True
2004-02-18 07:42:39,35.15585923391234,3.8120454918056534,True
2004-02-18 07:52:39,38.97503097185254,3.8120454918056534,True
2004-02-18 08:02:39,40.31279441349109,3.8120454918056534,True
2004-02-18 08:12:39,39.63113347181902,3.8120454918056534,True
2004-02-18 08:22:39,40.87185410279986,3.8120454918056534,True
2004-02-18 08:32:39,38.7023183859422,3.8120454918056534,True
2004-02-18 08:42:39,35.84776488822902,3.8120454918056534,True
2004-02-18 08:52:39,35.22634184390517,3.8120454918056534,True
2004-02-18 09:02:39,36.54956661693593,3.8120454918056534,True
2004-02-18 09:12:39,38.344276062712574,3.8120454918056534,True
2004-02-18 09:22:39,39.39281451583895,3.8120454918056534,True
2004-02-18 09:32:39,36.59496657105434,3.8120454918056534,True
2004-02-18 09:42:39,35.37563495736783,3.8120454918056534,True
2004-02-18 09:52:39,36.752692837500646,3.8120454918056534,True
2004-02-18 10:02:39,35.65062404318368,3.8120454918056534,True
2004-02-18 10:12:39,39.382827708790884,3.8120454918056534,True
2004-02-18 10:22:39,36.8952068684597,3.8120454918056534,True
2004-02-18 10:32:39,36.349576516077924,3.8120454918056534,True
2004-02-18 10:42:39,34.92499187769757,3.8120454918056534,True
2004-02-18 10:52:39,34.09057270270706,3.8120454918056534,True
2004-02-18 11:02:39,32.35502932239834,3.8120454918056534,True
2004-02-18 11:12:39,31.67531032583837,3.8120454918056534,True
2004-02-18 11:22:39,32.64736439063572,3.8120454918056534,True
2004-02-18 11:32:39,32.617296856727855,3.8120454918056534,True
2004-02-18 11:42:39,32.1789786231629,3.8120454918056534,True
2004-02-18 11:52:39,39.8207233627307,3.8120454918056534,True
2004-02-18 12:02:39,40.38042365281465,3.8120454918056534,True
2004-02-18 12:12:39,38.726716614270586,3.8120454918056534,True
2004-02-18 12:22:39,38.67082439823912,3.8120454918056534,True
2004-02-18 12:32:39,38.42770890687058,3.8120454918056534,True
2004-02-18 12:42:39,36.87330257824215,3.8120454918056534,True
2004-02-18 12:52:39,35.547836269045845,3.8120454918056534,True
2004-02-18 13:02:39,36.5508462488038,3.8120454918056534,True
2004-02-18 13:12:39,38.25202956595565,3.8120454918056534,True
2004-02-18 13:22:39,36.42832859014391,3.8120454918056534,True
2004-02-18 13:32:39,36.222145016416135,3.8120454918056534,True
2004-02-18 13:42:39,37.122306226973684,3.8120454918056534,True
2004-02-18 13:52:39,38.31553325215445,3.8120454918056534,True
2004-02-18 14:02:39,39.12491598624834,3.8120454918056534,True
2004-02-18 14:12:39,39.059125369246125,3.8120454918056534,True
2004-02-18 14:22:39,39.63381013720065,3.8120454918056534,True
2004-02-18 14:32:39,38.5699550869406,3.8120454918056534,True
2004-02-18 14:42:39,43.53739598667307,3.8120454918056534,True
2004-02-18 14:52:39,39.78775680894632,3.8120454918056534,True
2004-02-18 15:02:39,35.06223748908792,3.8120454918056534,True
2004-02-18 15:12:39,35.375770536686694,3.8120454918056534,True
2004-02-18 15:22:39,34.137155977031526,3.8120454918056534,True
2004-02-18 15:32:39,32.25844989779601,3.8120454918056534,True
2004-02-18 15:42:39,32.25783906111107,3.8120454918056534,True
2004-02-18 15:52:39,31.778373796159887,3.8120454918056534,True
2004-02-18 16:02:39,30.421782502065412,3.8120454918056534,True
2004-02-18 16:12:39,31.687602075157255,3.8120454918056534,True
2004-02-18 16:22:39,30.73504098279467,3.8120454918056534,True
2004-02-18 16:32:39,30.68670051738456,3.8120454918056534,True
2004-02-18 16:42:39,34.941390926709836,3.8120454918056534,True
2004-02-18 16:52:39,35.368633711726204,3.8120454918056534,True
2004-02-18 17:02:39,41.42060533259604,3.8120454918056534,True
2004-02-18 17:12:39,43.16961494808961,3.8120454918056534,True
2004-02-18 17:22:39,48.551042840796896,3.8120454918056534,True
2004-02-18 17:32:39,54.12997647326093,3.8120454918056534,True
2004-02-18 17:42:39,54.8379368055206,3.8120454918056534,True
2004-02-18 17:52:39,56.93049971540879,3.8120454918056534,True
2004-02-18 18:02:39,55.54551040298401,3.8120454918056534,True
2004-02-18 18:12:39,53.14584286667658,3.8120454918056534,True
2004-02-18 18:22:39,49.86350910756046,3.8120454918056534,True
2004-02-18 18:32:39,54.84778348524801,3.8120454918056534,True
2004-02-18 18:42:39,53.897345393403256,3.8120454918056534,True
2004-02-18 18:52:39,55.09067472978307,3.8120454918056534,True
2004-02-18 19:02:39,61.92987296299374,3.8120454918056534,True
2004-02-18 19:12:39,58.545928465409894,3.8120454918056534,True
2004-02-18 19:22:39,56.533014364427714,3.8120454918056534,True
2004-02-18 19:32:39,57.42224263291906,3.8120454918056534,True
2004-02-18 19:42:39,56.994135851248544,3.8120454918056534,True
2004-02-18 19:52:39,60.491132815919435,3.8120454918056534,True
2004-02-18 20:02:39,60.68469367766162,3.8120454918056534,True
2004-02-18 20:12:39,67.69767403921075,3.8120454918056534,True
2004-02-18 20:22:39,68.05142279662887,3.8120454918056534,True
2004-02-18 20:32:39,65.45485189836862,3.8120454918056534,True
2004-02-18 20:42:39,65.6910497303343,3.8120454918056534,True
2004-02-18 20:52:39,62.19345046278935,3.8120454918056534,True
2004-02-18 21:02:39,57.277168977393345,3.8120454918056534,True
2004-02-18 21:12:39,62.02544184861639,3.8120454918056534,True
2004-02-18 21:22:39,68.43713492716827,3.8120454918056534,True
2004-02-18 21:32:39,62.401057820673536,3.8120454918056534,True
2004-02-18 21:42:39,68.00402012484602,3.8120454918056534,True
2004-02-18 21:52:39,73.65245621068497,3.8120454918056534,True
2004-02-18 22:02:39,77.12776577801183,3.8120454918056534,True
2004-02-18 22:12:39,84.33216999487159,3.8120454918056534,True
2004-02-18 22:22:39,100.68215688396904,3.8120454918056534,True
2004-02-18 22:32:39,78.71330410475275,3.8120454918056534,True
2004-02-18 22:42:39,80.54117790364289,3.8120454918056534,True
2004-02-18 22:52:39,82.61634724072056,3.8120454918056534,True
2004-02-18 23:02:39,68.3587578180694,3.8120454918056534,True
2004-02-18 23:12:39,68.52043541974689,3.8120454918056534,True
2004-02-18 23:22:39,73.30688449761467,3.8120454918056534,True
2004-02-18 23:32:39,72.97149451727363,3.8120454918056534,True
2004-02-18 23:42:39,85.49089351367049,3.8120454918056534,True
2004-02-18 23:52:39,80.68832902532635,3.8120454918056534,True
2004-02-19 00:02:39,90.08566036994605,3.8120454918056534,True
2004-02-19 00:12:39,82.79691050135327,3.8120454918056534,True
2004-02-19 00:22:39,73.6379689132702,3.8120454918056534,True
2004-02-19 00:32:39,67.56671371603393,3.8120454918056534,True
2004-02-19 00:42:39,67.18995481729044,3.8120454918056534,True
2004-02-19 00:52:39,83.53381967114117,3.8120454918056534,True
2004-02-19 01:02:39,100.07175060806753,3.8120454918056534,True
2004-02-19 01:12:39,108.07953395884002,3.8120454918056534,True
2004-02-19 01:22:39,88.46697896431603,3.8120454918056534,True
2004-02-19 01:32:39,104.29890039193211,3.8120454918056534,True
2004-02-19 01:42:39,83.79715987408744,3.8120454918056534,True
2004-02-19 01:52:39,93.43692577447909,3.8120454918056534,True
2004-02-19 02:02:39,84.82283926323879,3.8120454918056534,True
2004-02-19 02:12:39,112.47995466436905,3.8120454918056534,True
2004-02-19 02:22:39,85.33350149258922,3.8120454918056534,True
2004-02-19 02:32:39,112.7064996755795,3.8120454918056534,True
2004-02-19 02:42:39,139.1468350895745,3.8120454918056534,True
2004-02-19 02:52:39,132.51440462009006,3.8120454918056534,True
2004-02-19 03:02:39,110.55677957076837,3.8120454918056534,True
2004-02-19 03:12:39,110.9603550917699,3.8120454918056534,True
2004-02-19 03:22:39,149.81879324645976,3.8120454918056534,True
2004-02-19 03:32:39,152.5490798480421,3.8120454918056534,True
2004-02-19 03:42:39,179.28387934838483,3.8120454918056534,True
2004-02-19 03:52:39,152.48741011413134,3.8120454918056534,True
2004-02-19 04:02:39,162.21570058547627,3.8120454918056534,True
2004-02-19 04:12:39,193.0828268552153,3.8120454918056534,True
2004-02-19 04:22:39,209.7108856422026,3.8120454918056534,True
2004-02-19 04:32:39,189.6212447607035,3.8120454918056534,True
2004-02-19 04:42:39,147.21351236687724,3.8120454918056534,True
2004-02-19 04:52:39,216.8600922215282,3.8120454918056534,True
2004-02-19 05:02:39,256.28101599911673,3.8120454918056534,True
2004-02-19 05:12:39,228.59643344355683,3.8120454918056534,True
2004-02-19 05:22:39,228.26394911899035,3.8120454918056534,True
2004-02-19 05:32:39,209.9114585583666,3.8120454918056534,True
2004-02-19 05:42:39,295.67265437059336,3.8120454918056534,True
2004-02-19 05:52:39,208.31985856927474,3.8120454918056534,True
2004-02-19 06:02:39,229.2634130745151,3.8120454918056534,True
2004-02-19 06:12:39,105.69349033225899,3.8120454918056534,True
2004-02-19 06:22:39,107.27540116111305,3.8120454918056534,True
